,,,,,,,,,,,,,,,,,,,,,,,,,,,,,,,,,,,,,,,,,,,,,,,,,,,,,,,,,,,,,,,,,,,,,,,,,,,,,,,,,,,,,,,,,,,,,,,
50.113409999999995,,,,,,,,,,,,,,,,,,,,,,,,,,,,,,,,,,,,,,,,,,,,,,,,,,,,,,,,,,,,,,,,,,,,,,,,,,,,,,,,,,,,,,,,,,,,,,,
48.55943,47.18955666666666,,,,,,,,,,,,,,,,,,,,,,,,,,,,,,,,,,,,,,,,,,,,,,,,,,,,,,,,,,,,,,,,,,,,,,,,,,,,,,,,,,,,,,,,,,,,,,
50.279581666666665,49.11306833333333,47.42436000000001,,,,,,,,,,,,,,,,,,,,,,,,,,,,,,,,,,,,,,,,,,,,,,,,,,,,,,,,,,,,,,,,,,,,,,,,,,,,,,,,,,,,,,,,,,,,,
49.52615000000001,48.44918833333333,47.188365,48.60433,,,,,,,,,,,,,,,,,,,,,,,,,,,,,,,,,,,,,,,,,,,,,,,,,,,,,,,,,,,,,,,,,,,,,,,,,,,,,,,,,,,,,,,,,,,,
48.293710000000004,46.994433333333326,45.17230666666667,47.403879999999994,47.31922333333333,,,,,,,,,,,,,,,,,,,,,,,,,,,,,,,,,,,,,,,,,,,,,,,,,,,,,,,,,,,,,,,,,,,,,,,,,,,,,,,,,,,,,,,,,,,
49.00148333333334,47.40714666666668,46.56059666666667,48.11937833333334,47.23732666666666,46.75072333333333,,,,,,,,,,,,,,,,,,,,,,,,,,,,,,,,,,,,,,,,,,,,,,,,,,,,,,,,,,,,,,,,,,,,,,,,,,,,,,,,,,,,,,,,,,
48.69146,46.15691833333332,46.01232,47.50647833333334,46.83809333333333,46.50306499999999,46.22495166666666,,,,,,,,,,,,,,,,,,,,,,,,,,,,,,,,,,,,,,,,,,,,,,,,,,,,,,,,,,,,,,,,,,,,,,,,,,,,,,,,,,,,,,,,,
49.35579,48.20574666666667,47.11921166666666,48.66471666666666,48.44268166666668,46.38347666666666,46.983153333333334,45.971438333333325,,,,,,,,,,,,,,,,,,,,,,,,,,,,,,,,,,,,,,,,,,,,,,,,,,,,,,,,,,,,,,,,,,,,,,,,,,,,,,,,,,,,,,,,
49.05361833333334,48.21390499999999,47.37550166666665,48.64806666666667,47.85783833333333,46.81648833333333,47.329485000000005,46.046773333333334,47.308953333333335,,,,,,,,,,,,,,,,,,,,,,,,,,,,,,,,,,,,,,,,,,,,,,,,,,,,,,,,,,,,,,,,,,,,,,,,,,,,,,,,,,,,,,,
48.85088499999999,47.83159,45.860203333333324,49.07541166666667,48.665346666666665,46.410561666666666,46.55306833333333,45.040075,46.12942333333332,46.96239833333333,,,,,,,,,,,,,,,,,,,,,,,,,,,,,,,,,,,,,,,,,,,,,,,,,,,,,,,,,,,,,,,,,,,,,,,,,,,,,,,,,,,,,,
46.000133333333345,44.33777833333333,42.613338333333324,44.926628333333326,43.7907,42.735151666666674,43.44748333333334,41.75148833333333,43.108,43.17305166666667,41.74958333333334,,,,,,,,,,,,,,,,,,,,,,,,,,,,,,,,,,,,,,,,,,,,,,,,,,,,,,,,,,,,,,,,,,,,,,,,,,,,,,,,,,,,,
51.88464000000001,51.394153333333335,49.085456666666666,50.50547333333334,50.154355,49.06621,49.64741833333334,48.714166666666664,49.731811666666665,48.995956666666665,48.765685,44.95410666666667,,,,,,,,,,,,,,,,,,,,,,,,,,,,,,,,,,,,,,,,,,,,,,,,,,,,,,,,,,,,,,,,,,,,,,,,,,,,,,,,,,,,
52.993714999999995,50.42934333333334,50.039575,52.421004999999994,50.542643333333324,49.72758833333334,51.14645,49.533998333333344,49.88278,49.14567666666667,50.353303333333336,45.441806666666665,52.90850833333333,,,,,,,,,,,,,,,,,,,,,,,,,,,,,,,,,,,,,,,,,,,,,,,,,,,,,,,,,,,,,,,,,,,,,,,,,,,,,,,,,,,
49.159346666666664,48.917138333333334,48.00038833333333,49.66164833333334,49.69897499999999,48.21653666666667,48.90917333333332,47.30312500000001,48.77249166666667,48.359925000000004,48.28856666666666,43.797731666666664,50.43924166666666,51.05811333333333,,,,,,,,,,,,,,,,,,,,,,,,,,,,,,,,,,,,,,,,,,,,,,,,,,,,,,,,,,,,,,,,,,,,,,,,,,,,,,,,,,
52.272955,51.98796999999999,50.11308833333333,51.477625,51.59767,50.25670166666667,49.92331833333333,48.985591666666664,50.259274999999995,49.58746000000001,48.978931666666675,46.072136666666665,52.15491,51.99456833333333,49.59240333333334,,,,,,,,,,,,,,,,,,,,,,,,,,,,,,,,,,,,,,,,,,,,,,,,,,,,,,,,,,,,,,,,,,,,,,,,,,,,,,,,,
49.493900000000004,48.48018,47.62116166666667,49.846225000000004,47.99303499999999,46.67391833333334,48.30586833333333,46.941781666666664,47.26400166666667,46.86125333333332,45.8699,43.42148666666667,48.87670333333333,50.31483833333333,47.791781666666665,49.74831166666667,,,,,,,,,,,,,,,,,,,,,,,,,,,,,,,,,,,,,,,,,,,,,,,,,,,,,,,,,,,,,,,,,,,,,,,,,,,,,,,,
50.00779166666666,50.108520000000006,48.64374000000001,50.091035,49.71256333333334,48.56391833333334,48.755281666666654,47.40398333333333,48.601051666666656,48.426136666666665,47.96202666666667,43.70657166666667,50.67930999999999,50.88512333333333,48.153665000000004,51.32290166666667,48.464195,,,,,,,,,,,,,,,,,,,,,,,,,,,,,,,,,,,,,,,,,,,,,,,,,,,,,,,,,,,,,,,,,,,,,,,,,,,,,,,
49.984276666666666,49.071115,48.13636166666668,50.91016166666667,48.26888833333334,47.70935,48.26407,46.723519999999986,47.858865,47.940799999999996,47.68233333333333,43.03643833333334,49.16967833333334,50.13400833333333,48.14425,50.31070166666666,48.32196333333332,49.01436333333333,,,,,,,,,,,,,,,,,,,,,,,,,,,,,,,,,,,,,,,,,,,,,,,,,,,,,,,,,,,,,,,,,,,,,,,,,,,,,,
51.63615,50.09663833333334,48.987725,51.187216666666664,48.791284999999995,48.664165,49.73872666666667,48.302908333333335,49.326126666666674,49.58076500000001,49.23678666666666,44.886743333333335,50.63545333333334,52.51540333333333,49.15342999999999,50.85123333333333,49.366350000000004,49.818900000000006,49.67599666666668,,,,,,,,,,,,,,,,,,,,,,,,,,,,,,,,,,,,,,,,,,,,,,,,,,,,,,,,,,,,,,,,,,,,,,,,,,,,,
49.04579999999999,48.21339000000001,45.493598333333324,48.12315333333333,47.34459833333332,46.96569333333334,46.76618833333334,45.40446333333333,46.86002500000001,47.154178333333334,45.00136,42.79709666666667,48.76303000000001,48.98174333333333,45.931808333333336,48.80977333333333,47.647616666666664,48.411168333333336,48.23945500000001,49.524055000000004,,,,,,,,,,,,,,,,,,,,,,,,,,,,,,,,,,,,,,,,,,,,,,,,,,,,,,,,,,,,,,,,,,,,,,,,,,,,
50.498483333333326,47.70418166666667,46.27547833333333,47.945409999999995,47.65899333333332,47.25201,48.33143499999999,47.01174666666666,48.376740000000005,48.789896666666664,48.09486666666666,44.190113333333336,50.32995999999999,51.09647833333334,48.885863333333326,51.54902499999999,48.70243833333333,50.218288333333334,49.85789333333334,50.157935,48.276115000000004,,,,,,,,,,,,,,,,,,,,,,,,,,,,,,,,,,,,,,,,,,,,,,,,,,,,,,,,,,,,,,,,,,,,,,,,,,,
50.63160833333333,49.34451000000001,47.165465,49.598911666666666,49.23827666666668,48.01612333333334,47.08770833333334,45.99716833333333,47.89434166666667,46.07287999999999,46.542440000000006,42.98174,49.22639333333334,50.02088500000001,47.53971666666666,50.58967666666667,47.153573333333334,48.455215,48.32920166666667,48.57274999999999,46.228660000000005,46.867734999999996,,,,,,,,,,,,,,,,,,,,,,,,,,,,,,,,,,,,,,,,,,,,,,,,,,,,,,,,,,,,,,,,,,,,,,,,,,
51.75167833333334,49.98112499999999,48.054595,51.16269333333334,49.02644333333333,48.231514999999995,49.01732499999999,48.48403666666666,48.81524833333334,47.334894999999996,47.48464333333333,43.849355,50.15232,51.22779,48.97007166666666,50.450401666666664,48.86064,50.38923666666667,49.24876166666667,49.25452000000001,48.738098333333326,48.49309833333333,48.827346666666664,,,,,,,,,,,,,,,,,,,,,,,,,,,,,,,,,,,,,,,,,,,,,,,,,,,,,,,,,,,,,,,,,,,,,,,,,
109.80466333333335,108.69009166666667,107.17880000000001,108.87067666666665,107.90244333333334,106.85944833333333,107.29356833333333,106.05354166666666,108.00002666666666,107.10893666666666,106.53520999999999,102.38962333333335,109.190035,110.252565,107.35275166666668,109.45035000000001,107.12366999999999,108.20869166666667,107.89636833333334,108.44890666666666,105.82841166666668,107.24304166666668,107.34751666666666,108.93242833333333,,,,,,,,,,,,,,,,,,,,,,,,,,,,,,,,,,,,,,,,,,,,,,,,,,,,,,,,,,,,,,,,,,,,,,,,
108.13777166666667,107.35582000000001,105.93587666666666,107.71074333333335,106.72083333333332,105.57432333333334,106.24996333333335,105.01688166666666,107.01583166666668,105.94894333333333,105.39480333333333,101.08875833333336,108.21858166666667,109.011575,106.402125,108.20298333333334,106.11645333333333,107.08492000000001,106.67962000000001,107.4222,104.776415,106.09550666666667,106.61996666666666,107.15183166666665,49.13602,,,,,,,,,,,,,,,,,,,,,,,,,,,,,,,,,,,,,,,,,,,,,,,,,,,,,,,,,,,,,,,,,,,,,,,
107.17828833333334,106.38012166666667,104.87436333333332,106.68026833333333,105.65150166666668,104.469705,105.23235000000001,103.83655999999998,105.90814333333334,104.81079666666666,104.32463833333333,100.38065,106.95897666666666,108.00573000000001,105.26903499999999,107.17393666666666,104.98093833333336,106.08865,105.63232833333332,106.33054166666668,103.87149833333334,104.94039833333333,105.85905666666666,106.14326499999999,48.199725,47.00295166666667,,,,,,,,,,,,,,,,,,,,,,,,,,,,,,,,,,,,,,,,,,,,,,,,,,,,,,,,,,,,,,,,,,,,,,
108.03523999999999,107.05998666666666,105.65549333333333,107.36347166666664,106.43786166666665,105.23450333333335,105.92521833333335,104.65780666666664,106.70298000000001,105.92768666666667,105.05919333333333,100.89318166666668,108.07915999999999,108.78671333333332,106.03880333333333,107.98827833333331,105.64960833333333,106.93629833333334,106.44443500000001,107.058905,104.31980833333334,105.84506333333333,105.93872833333334,106.98726166666665,49.033436666666674,47.84141833333332,47.08567166666667,,,,,,,,,,,,,,,,,,,,,,,,,,,,,,,,,,,,,,,,,,,,,,,,,,,,,,,,,,,,,,,,,,,,,
107.39090499999999,105.732325,104.29589333333334,106.07584666666668,105.07668166666666,103.95694833333333,104.553285,103.36811833333333,105.589315,104.341865,103.73508,99.792625,106.80151666666664,107.701815,104.73588833333334,106.86868833333332,104.56646333333333,105.60851333333332,105.42398500000002,105.7919,103.46479166666667,104.76515166666665,104.61107166666666,105.95758833333335,47.63988833333333,46.216210000000004,45.18788500000001,46.360165,,,,,,,,,,,,,,,,,,,,,,,,,,,,,,,,,,,,,,,,,,,,,,,,,,,,,,,,,,,,,,,,,,,,
107.10487333333334,106.37570166666667,104.871085,106.62219666666665,105.614,104.55677666666665,105.13626166666667,103.77036500000001,105.95847166666668,104.79477,104.18882,100.22194999999998,107.10327499999998,108.217055,105.32387666666668,107.20813500000001,105.04017833333334,106.023065,105.64261666666665,106.18137666666668,103.62604666666667,104.91280833333334,105.52486999999999,105.99601166666666,48.483,47.49125,46.287175000000005,47.24697,45.638311666666674,,,,,,,,,,,,,,,,,,,,,,,,,,,,,,,,,,,,,,,,,,,,,,,,,,,,,,,,,,,,,,,,,,,
106.298175,105.27444333333332,103.7723233333333,105.59685999999999,104.56050666666667,103.54792166666667,104.18821166666667,102.89316666666666,104.95721999999999,103.88688,103.30443000000001,99.27943499999999,106.03711166666666,107.06188499999999,104.23548666666665,106.106585,103.92443666666664,104.98700166666667,104.71123333333333,105.29487833333334,102.82374999999999,104.116175,104.31226833333334,105.41040833333335,47.36544166666667,45.94845833333335,45.19829333333333,45.99247166666667,44.71898,45.24567999999999,,,,,,,,,,,,,,,,,,,,,,,,,,,,,,,,,,,,,,,,,,,,,,,,,,,,,,,,,,,,,,,,,,
107.84617333333335,106.93693999999999,105.57149000000001,107.32658000000002,106.31001,105.14502166666668,105.91193833333335,104.53291166666668,106.71143833333333,105.55110666666666,104.95138333333334,101.09161333333333,108.01082166666666,108.84792666666665,106.02099166666665,107.92083333333333,105.82564666666667,106.89025666666664,106.38181833333333,107.01201833333334,104.44253666666665,105.79704666666667,105.74002500000002,107.17646333333334,48.629015,47.397291666666675,46.50494833333334,47.24588833333335,45.788851666666666,46.61629,45.614401666666666,,,,,,,,,,,,,,,,,,,,,,,,,,,,,,,,,,,,,,,,,,,,,,,,,,,,,,,,,,,,,,,,,
107.12844666666666,106.20190333333333,104.69372,106.58935,105.60969166666668,104.32299499999999,105.00310166666668,103.77992500000002,105.81541333333334,104.65831499999999,104.00157666666665,100.13203333333333,107.11712333333331,107.980115,105.12008166666668,107.098475,104.80803666666665,105.88685166666664,105.47159166666667,106.10428333333333,103.60282500000001,104.78876999999999,105.30459333333333,105.989345,48.213575,47.16791666666667,46.28568,46.96639,45.60729666666667,46.29264833333333,45.214225000000006,46.606300000000005,,,,,,,,,,,,,,,,,,,,,,,,,,,,,,,,,,,,,,,,,,,,,,,,,,,,,,,,,,,,,,,,
106.30215666666668,105.04224833333333,103.31995166666665,105.21833500000002,104.15660333333332,103.15351166666665,103.722705,102.42654333333331,104.64241166666666,103.49985333333333,102.96348666666665,98.93261333333334,105.78434666666665,106.81762666666668,103.97735833333333,105.77459833333333,103.69230333333334,104.78889666666664,104.41370333333333,105.05518499999998,102.51692666666666,103.87745833333334,104.19969999999999,104.99283166666666,46.79420666666666,46.10552333333334,45.03637499999999,45.73186833333333,44.92557666666666,45.178151666666665,44.151318333333336,45.55040666666666,45.36702833333333,,,,,,,,,,,,,,,,,,,,,,,,,,,,,,,,,,,,,,,,,,,,,,,,,,,,,,,,,,,,,,,
107.30461833333332,106.15221833333332,104.48427000000001,106.35459166666666,105.32144833333334,104.06920333333333,104.77712833333332,103.42104166666664,105.51955666666666,104.53090333333334,103.85350166666667,100.0209,106.99032333333331,107.80042666666665,105.00277,106.9637183333333,104.58581833333332,105.74393833333335,105.226035,105.85797666666666,103.44188333333332,104.70429666666665,105.25922833333333,105.74406333333333,47.03429833333333,45.932916666666664,44.99059833333333,51.05745666666667,48.334475000000005,48.690369999999994,48.62741999999999,49.42175833333332,48.37795,47.38001833333335,,,,,,,,,,,,,,,,,,,,,,,,,,,,,,,,,,,,,,,,,,,,,,,,,,,,,,,,,,,,,,
107.98883833333335,104.09777166666667,102.85985833333335,104.57989500000001,103.695665,102.552125,103.05052166666667,101.89232500000001,103.99261833333334,102.72712500000003,102.31911166666666,98.11182666666667,104.99705333333333,106.01857333333334,103.15594666666668,105.10164333333333,102.97845166666666,104.11257166666665,103.64682666666667,104.22765000000001,101.85014333333332,103.15601166666667,103.37954333333332,104.305145,44.324400000000004,43.12022,42.19311666666667,42.95724166666665,41.84976666666666,42.16613,41.20209333333333,42.96319833333334,42.15031833333334,41.116545,41.46656833333333,,,,,,,,,,,,,,,,,,,,,,,,,,,,,,,,,,,,,,,,,,,,,,,,,,,,,,,,,,,,,
112.22925833333332,108.52250833333333,106.89530500000001,108.70013166666669,107.74192833333332,106.55344333333335,107.16347333333334,105.75210000000001,107.81723000000002,106.85369833333331,106.16244833333332,102.02877166666667,109.09428666666666,110.01223166666665,107.06288833333332,109.172785,106.85881,108.19620000000002,107.460525,108.19609833333334,105.59713666666667,106.74879166666666,107.27951166666666,108.15146166666668,49.76389166666667,49.13921166666667,47.99260666666667,48.730445,48.17087166666666,48.43452666666667,46.931815,49.02550333333334,48.43882,47.63075833333333,47.961625000000005,44.659648333333344,,,,,,,,,,,,,,,,,,,,,,,,,,,,,,,,,,,,,,,,,,,,,,,,,,,,,,,,,,,,
109.97777333333332,108.89080166666666,107.77944000000001,109.46377333333335,108.40874833333332,107.109825,107.82366999999998,106.54059833333332,108.65807333333335,107.59508333333333,106.97650999999999,102.86240999999998,109.80949166666667,110.67478,107.95047166666666,109.91264999999997,107.61180000000002,108.71573833333333,108.40464333333333,109.05896833333334,106.56261833333333,107.78605833333333,108.31346333333332,109.00100333333333,50.42435833333334,49.559698333333316,48.14540333333333,49.222406666666664,48.65657833333333,48.76820333333334,47.42088833333333,49.784885,49.04486333333334,47.88448833333333,48.741421666666675,45.75594833333333,51.12859666666665,,,,,,,,,,,,,,,,,,,,,,,,,,,,,,,,,,,,,,,,,,,,,,,,,,,,,,,,,,,
107.52518833333333,106.23599166666669,105.00884500000001,106.83300166666665,105.85198500000001,104.56884999999998,105.32416666666668,103.82773499999999,106.04038666666668,105.132575,104.37487333333333,100.3024183333333,107.067855,108.18085666666666,105.24172999999998,107.29462833333335,104.99143333333332,105.97703500000001,105.4846,106.27317333333333,103.82406833333336,104.99410833333334,105.24644,106.70548999999998,48.008848333333326,47.45474833333333,46.130615,47.00723833333334,46.38006666666667,46.60978,45.31786666666666,47.39387,46.599246666666666,45.85211333333334,46.37098166666667,42.955998333333326,48.359764999999996,49.17077666666666,,,,,,,,,,,,,,,,,,,,,,,,,,,,,,,,,,,,,,,,,,,,,,,,,,,,,,,,,,
109.19947166666667,107.60536499999999,105.8364433333333,107.80608500000001,106.75262833333335,105.47589833333333,106.277975,104.74646999999999,107.03368166666667,105.93137000000002,105.27008166666666,101.31137333333334,108.19467333333334,109.03078833333332,106.19347166666667,108.17124999999999,105.99624166666668,107.25523666666666,106.52782333333333,107.217095,105.04812166666667,106.14783000000001,106.7992566666667,107.27606166666668,49.14799,48.475255000000004,47.147706666666664,48.13546166666667,47.53465833333334,47.73066333333333,46.48065999999999,48.40074500000001,47.687276666666655,47.023743333333336,47.51701666666667,43.78717000000001,49.196106666666665,50.47387166666666,48.060616666666675,,,,,,,,,,,,,,,,,,,,,,,,,,,,,,,,,,,,,,,,,,,,,,,,,,,,,,,,,
109.67254000000001,108.51113666666666,107.10578166666667,108.89014000000002,107.93490666666665,106.69907999999998,107.56674833333335,106.02062499999998,108.10140833333334,107.18343833333334,106.53990666666667,102.44252333333333,109.33188,110.16975833333332,107.38583833333334,109.39762833333334,107.154235,108.49284666666668,107.82105166666665,108.45796999999999,106.04378333333332,107.19713833333334,107.86553166666666,108.23585499999999,50.202775,49.46765166666667,48.02724333333334,49.183521666666664,48.50168666666668,48.893033333333335,47.34674333333333,49.41572,48.592095,47.84243333333333,48.364200000000004,44.908783333333325,49.76917833333332,51.22138166666667,48.637708333333336,49.37149999999999,,,,,,,,,,,,,,,,,,,,,,,,,,,,,,,,,,,,,,,,,,,,,,,,,,,,,,,,
106.72883166666665,105.86448333333333,104.42159500000001,106.31528333333333,105.33522166666668,104.14240499999998,104.90585166666669,103.39429666666668,105.61500333333335,104.58459500000001,103.85446166666668,99.84781500000001,106.91272666666667,107.81318,104.88349000000001,106.86950166666668,104.60848666666668,105.90745499999998,105.23146666666666,105.78164166666667,103.62095666666666,104.81184333333336,105.36974666666666,105.72791000000001,47.48648500000001,46.89188166666666,45.473955,46.51274999999999,45.83309333333333,46.184020000000004,44.960368333333335,46.758446666666664,46.24720166666666,45.518863333333314,45.839711666666666,42.332435,47.537614999999995,49.185781666666664,46.494105,47.54217833333333,47.910743333333336,,,,,,,,,,,,,,,,,,,,,,,,,,,,,,,,,,,,,,,,,,,,,,,,,,,,,,,
108.68951999999999,107.097755,105.81121999999999,107.61469333333334,106.53638,105.22168666666666,106.008245,104.54821666666666,106.76518833333333,105.77402666666666,105.06938166666667,101.07833833333333,107.95897833333335,108.81410000000002,105.85767166666668,107.90275833333334,105.71485,106.76643,106.35880166666666,106.93288666666666,104.76622166666665,105.97261166666667,106.61990833333333,107.19210500000001,48.91339,48.52652333333332,47.108806666666666,48.19690166666666,47.32866833333333,47.78651666666666,46.552825,48.17623333333333,47.660244999999996,46.773514999999996,47.20646166666667,43.799895,49.219051666666665,49.94995333333332,47.445648333333324,48.78619833333334,49.61399,47.57094,,,,,,,,,,,,,,,,,,,,,,,,,,,,,,,,,,,,,,,,,,,,,,,,,,,,,,
106.50975666666666,105.53384833333334,104.10627666666666,106.05208499999998,105.03044,103.74485666666665,104.357825,103.02541666666666,105.00155166666664,104.12259833333334,103.547365,99.50059166666666,106.37176999999998,107.37904166666665,104.28673166666667,106.33733833333332,104.21962500000002,105.18268166666668,104.78858833333334,105.47841833333332,103.22863666666667,104.36430166666666,105.09656,106.54772666666666,47.28852,46.573228333333326,45.324295,46.19125833333333,45.72340666666667,45.95697499999999,44.715600000000016,46.50623,45.920241666666676,44.90541833333333,45.604345,42.04307000000001,47.42764833333334,48.05617000000001,46.09003333333333,47.432136666666665,48.12414833333334,45.49723833333333,46.810658333333336,,,,,,,,,,,,,,,,,,,,,,,,,,,,,,,,,,,,,,,,,,,,,,,,,,,,,
107.96215666666667,106.56770666666668,105.13868499999998,107.04292500000001,106.11154666666668,104.74898333333331,105.39654333333333,104.27866666666667,106.05595333333333,105.12308166666666,104.60491333333334,100.59406666666666,107.47612333333332,108.39200833333332,105.37375166666666,107.497965,105.27272833333332,106.27137666666668,105.89769999999999,106.58492000000001,104.06032166666667,105.44084666666666,106.18613,106.80380166666667,48.388036666666665,47.674769999999995,46.36561833333333,47.40344333333333,46.73316833333334,46.89733333333333,45.72615,47.60813833333332,47.111368333333324,46.08735166666666,46.78727166666667,43.03279833333332,48.69965666666667,49.59947833333332,47.038439999999994,48.291704999999986,49.255176666666664,46.928896666666674,47.7925,46.410185,,,,,,,,,,,,,,,,,,,,,,,,,,,,,,,,,,,,,,,,,,,,,,,,,,,,
106.47497333333334,105.21392833333333,103.77668666666668,105.65507000000001,104.60632333333336,103.51130666666668,104.03887333333333,102.80741,104.91293833333334,103.73211666666666,103.3069683333333,99.13509166666667,106.13225833333333,107.31545666666666,104.22784500000002,106.23173833333331,103.94157666666668,105.05210499999998,104.78411,105.37578333333335,102.83890666666663,104.25619333333333,104.74379833333333,105.39470833333334,46.030956666666675,45.417331666666676,44.39081333333332,45.40925166666666,44.44646833333333,44.815365,43.28952500000001,45.82502000000001,44.88716333333333,43.69982833333333,44.49110166666666,40.85071000000001,46.355083333333326,47.77652166666666,45.36424166666667,46.08336333333333,47.27328833333333,44.950044999999996,45.97451000000001,44.00177333333333,45.63770166666667,,,,,,,,,,,,,,,,,,,,,,,,,,,,,,,,,,,,,,,,,,,,,,,,,,,
110.41302333333336,106.60967833333333,105.14998666666665,106.94195833333333,105.94589833333335,104.83116000000001,105.48049833333333,104.19984333333333,106.15033666666666,105.26705166666666,104.65873,100.62762166666666,107.66263166666667,108.50828666666668,105.47741500000001,107.42448499999998,105.32394333333333,106.40879666666667,106.00285,106.67013999999998,104.190385,105.50209833333334,105.86730666666669,106.36875833333332,47.369636666666665,46.63373833333333,45.73689166666667,46.50335166666666,45.76104500000001,45.964711666666666,44.63465166666667,47.13185,46.16778,45.065976666666664,45.97833833333333,42.197563333333335,48.07532666666667,48.93802999999999,46.168601666666675,47.29354,48.42290833333333,46.00405166666666,46.69024000000001,44.76462500000001,46.801595000000006,44.833200000000005,,,,,,,,,,,,,,,,,,,,,,,,,,,,,,,,,,,,,,,,,,,,,,,,,,
106.65936833333333,105.83249499999998,104.40734000000002,106.32589833333333,105.24483000000001,104.13469,104.67196166666666,103.59242166666665,105.46695833333334,104.438485,103.88310166666668,99.78098333333334,106.71749333333332,107.72918,104.84510999999999,106.80381166666666,104.54713333333333,105.76076833333333,105.42264833333333,105.99841833333333,103.56320000000001,104.93536333333334,105.176455,106.20611166666669,48.973978333333335,46.768296666666664,47.27166166666665,46.89748166666668,46.17668833333334,46.75806333333333,45.26264166666667,47.28476833333333,46.15646333333333,45.35190666666667,45.65718333333333,42.15342333333333,49.51377,50.210238333333336,46.51391499999999,47.97499166666667,48.68022666666666,46.296155000000006,47.59724333333333,45.89015666666666,47.11996500000001,45.21377499999999,46.338783333333325,,,,,,,,,,,,,,,,,,,,,,,,,,,,,,,,,,,,,,,,,,,,,,,,,
7.363815000000002,48.963196666666676,48.13432666666666,49.44408833333334,49.07253000000001,48.543568333333326,48.628366666666665,48.23373666666668,49.13337166666666,49.2438,48.94676333333334,44.84221666666667,51.07401,51.48717666666667,48.72451833333333,52.20931333333333,48.553356666666666,49.94517833333334,49.45178333333333,50.96800333333333,47.48889333333334,48.42679833333332,49.406304999999996,50.09320666666666,110.334225,108.06671000000001,108.08014333333334,107.93887833333334,106.79502166666666,107.18914333333333,106.10364999999997,107.92394,107.05513,105.84576000000001,106.85135333333335,104.95559000000003,109.97740166666665,110.74464666666667,107.25468166666667,108.28430833333333,109.33055833333331,106.82948,108.00772666666666,106.36437499999998,107.460055,106.27264166666667,107.53503666666666,106.86779333333331,,,,,,,,,,,,,,,,,,,,,,,,,,,,,,,,,,,,,,,,,,,,,,,,
49.29160166666667,7.580533333333334,47.59211666666667,48.208816666666664,47.60655499999999,46.44156833333333,47.51496666666667,46.38400333333334,48.28949333333334,48.20282666666667,47.25351666666667,43.84125333333333,50.61480833333333,52.26113333333333,48.91542166666667,49.85340000000001,48.069005000000004,49.31301833333334,48.82898333333333,50.31089166666666,47.26684,48.718619999999994,47.72304833333333,50.338166666666666,109.64446666666667,107.31704833333333,107.35411333333333,107.19092166666668,105.96560166666666,106.51678833333332,105.35712666666667,107.08496000000001,106.29394833333333,104.98778500000002,109.80537166666666,106.262405,110.90984666666668,111.67318999999996,108.54131500000003,108.25813666666669,108.59369333333335,106.05237000000001,107.21883333333334,105.44559999999998,106.60638833333333,105.47267999999998,106.778675,106.001465,49.16243,,,,,,,,,,,,,,,,,,,,,,,,,,,,,,,,,,,,,,,,,,,,,,,
48.180505,47.13740000000001,7.598243333333334,47.46902500000001,47.31440333333334,45.32551166666667,46.45120333333333,45.99179833333334,47.246955,47.344813333333335,46.36790666666666,43.736509999999996,48.647615,49.897841666666665,47.2004,50.060788333333335,48.959266666666664,48.47404166666667,47.99083666666668,49.94401833333334,45.52243166666668,47.16236166666667,47.60706833333333,49.18059666666668,108.14566166666667,106.07791666666667,106.008005,105.95748499999999,104.71609499999998,105.081835,103.99562166666665,105.94434333333334,104.89182333333333,103.85544999999999,104.53772166666664,103.01097833333333,107.84148000000002,108.73204666666668,105.12713666666667,106.00388166666666,107.21686833333334,104.70783166666665,105.81711833333334,104.07372500000001,105.22960333333333,104.123375,105.37905333333333,104.71420166666668,48.14479333333333,47.20518333333334,,,,,,,,,,,,,,,,,,,,,,,,,,,,,,,,,,,,,,,,,,,,,,
49.71509,48.920595,47.45238,7.7896,48.369245,47.074263333333334,48.04287666666667,47.445835,48.31792166666667,48.49974666666667,48.40732833333333,44.96655666666666,50.98596499999999,51.670653333333334,49.32044333333333,50.724855,48.05145500000001,50.14162666666667,49.97000333333333,51.119215000000004,47.750831666666656,49.082118333333334,48.621174999999994,49.608439999999995,110.319715,107.80659000000001,107.76336,107.60137833333333,106.331025,106.86282999999999,105.71728833333331,107.57891166666667,106.68710833333333,105.45409333333333,106.38312833333333,104.74792500000001,109.56053499999999,110.43739333333332,106.98073500000001,107.93081666666666,108.874815,106.47793166666666,107.67687833333333,106.02982833333331,107.18957833333334,105.85396999999999,107.06804333333335,106.50058666666666,49.43353666666667,48.280603333333325,47.52371166666667,,,,,,,,,,,,,,,,,,,,,,,,,,,,,,,,,,,,,,,,,,,,,
49.27181833333334,47.703381666666665,47.362255000000005,48.26892333333333,7.578618333333334,46.416228333333336,47.86186166666667,46.729231666666664,48.177236666666666,48.06625999999999,47.49953833333334,43.19194000000001,50.03372,51.66712333333332,48.462605,50.04001666666666,48.431020000000004,49.615118333333335,48.386466666666664,48.971475000000005,46.12057166666667,47.566460000000006,47.391286666666666,49.249024999999996,109.31164000000003,106.82772666666669,106.73353166666668,106.66768833333333,105.20281333333332,105.68846500000002,104.60961,106.319895,105.58044166666667,104.44906833333334,105.255945,103.70317666666666,108.43407000000002,109.30532499999998,105.67814333333332,106.76384,107.77747333333335,105.40792,106.56896333333331,104.843415,105.89822500000001,104.76839833333332,105.82238666666665,105.31420666666666,49.10766000000001,47.595185,47.01888833333334,48.09061166666667,,,,,,,,,,,,,,,,,,,,,,,,,,,,,,,,,,,,,,,,,,,,
47.980486666666664,47.44983333333334,45.33215333333334,46.74128166666665,46.690483333333326,7.596828333333333,46.32234333333333,45.60413666666667,46.77226333333333,46.732371666666666,45.553805,42.50684166666666,49.55643333333333,50.487320000000004,47.929223333333326,49.080615,47.811285000000005,48.32835666666667,47.967351666666666,49.00807833333333,45.967175000000005,47.18439,46.66187333333333,49.027924999999996,107.94275500000002,105.60630166666667,105.61273500000001,105.53578333333334,104.31522166666667,104.76909666666667,104.069005,105.67620833333335,104.68401666666668,103.52318333333334,104.16163166666668,102.67451833333332,107.407565,108.42830666666666,104.67019,105.65738166666667,106.86104833333333,104.23070333333332,105.26851166666665,103.74378500000003,105.01970166666666,104.25102500000003,105.06567999999999,105.01951166666667,49.79606833333334,49.25812166666667,47.45605333333333,49.69447333333332,48.110281666666666,,,,,,,,,,,,,,,,,,,,,,,,,,,,,,,,,,,,,,,,,,,
50.253421666666675,48.91812333333333,46.62173333333333,48.06816166666666,47.29741166666667,46.76758333333334,7.609298333333336,45.75261333333333,47.764375,47.14634666666666,46.44195499999999,44.359785,50.437035,51.42262500000001,47.52159666666667,49.51057500000001,48.11227,47.92270166666667,48.06039,49.71387333333334,47.46175666666666,48.83887166666667,47.651308333333326,50.487384999999996,108.65766166666668,106.329785,106.290755,106.02438,104.86731499999998,105.37507666666667,104.18659,106.009585,105.12910000000001,103.92132833333335,104.79843166666667,103.09788666666667,107.98067166666667,108.89581500000001,105.202855,106.22456000000001,107.67674666666665,105.12938166666665,106.20958166666665,104.488985,105.55329833333333,104.47228666666666,105.45044333333334,104.78406833333332,48.60309166666666,47.48928166666666,46.24440333333333,47.78796666666666,47.32081333333333,46.89994,,,,,,,,,,,,,,,,,,,,,,,,,,,,,,,,,,,,,,,,,,
47.944253333333336,46.298215000000006,45.80896333333333,46.74362,46.92921333333333,46.047756666666665,46.33640333333333,7.604471666666668,46.41878666666667,45.55670666666667,45.12355000000001,41.995086666666666,49.07633333333333,48.965540000000004,47.648205000000004,48.81799666666667,47.00087333333334,48.22839333333334,47.275338333333345,48.72599999999999,44.62055333333333,48.05205666666667,46.847385,47.811778333333336,107.48107999999999,105.05294666666667,105.202075,105.10172833333331,103.80156666666664,104.10738833333333,102.93820166666666,104.73674333333335,103.78209,102.72881166666666,103.46914500000001,101.98466,106.67218833333332,107.60442666666667,103.77857833333334,104.86789333333334,106.12019166666666,103.61542166666668,104.65595833333334,102.95048,104.28907333333335,103.10655666666666,104.31917333333335,103.74256833333334,47.76998,45.899944999999995,45.395428333333335,46.53102666666666,46.24919833333333,45.41301166666666,46.095503333333326,,,,,,,,,,,,,,,,,,,,,,,,,,,,,,,,,,,,,,,,,
49.600280000000005,48.52864,48.03123833333334,49.79673333333333,48.59685166666666,47.221691666666665,47.265213333333335,47.00833166666666,7.690481666666668,49.26985833333333,48.29325166666666,45.01584166666667,50.827285,51.938873333333326,50.49050833333333,52.62099666666666,50.06059833333333,51.08874833333334,50.468875000000004,51.50955833333334,48.97930166666667,51.00507833333334,49.761635000000005,51.323813333333334,110.11200833333334,107.82333166666669,108.14380166666666,107.9385,106.75891000000001,106.95695000000002,106.03278666666668,107.53373666666667,106.48744,105.64710666666666,106.36039166666666,104.89274166666668,109.67744000000002,110.70007833333332,106.96488,107.73137666666666,108.53937166666667,106.08481333333334,107.01704333333335,105.28694333333333,106.28428666666667,105.18279166666666,106.33942666666665,105.73469166666666,48.65864333333334,47.313198333333325,46.72981666666667,47.77646666666667,47.20874166666667,45.97233833333333,47.73682,46.674260000000004,,,,,,,,,,,,,,,,,,,,,,,,,,,,,,,,,,,,,,,,
48.82672333333332,47.58002,46.790470000000006,48.65789833333333,47.40120833333333,46.396263333333344,46.77202,45.696623333333335,47.63758333333334,7.602321666666664,45.80343833333333,43.03375666666666,49.286445,49.83625833333333,46.52145333333334,48.879716666666674,47.933811666666664,47.72987833333333,47.88749833333334,48.579253333333334,45.358303333333346,46.678605,47.565421666666666,47.85253333333335,108.20216333333333,106.12155833333333,105.91277333333333,105.82265333333334,104.47480833333334,104.95847333333334,103.81065833333332,105.65300333333333,104.74645499999998,103.62476000000001,104.35770166666667,102.828345,107.67294666666666,108.73044999999999,104.94741166666667,105.87462333333335,107.05989000000001,104.55669833333332,105.658385,103.90354333333333,104.99447166666666,104.001435,105.10212333333334,104.47518333333333,48.040306666666666,47.093354999999995,46.18811,47.69781333333332,47.32702833333333,45.51958166666667,46.65771666666666,45.38217333333334,46.89600500000001,,,,,,,,,,,,,,,,,,,,,,,,,,,,,,,,,,,,,,,
47.72247833333333,48.48300333333333,46.04709833333333,47.30098,46.785016666666664,46.32896833333332,46.70754666666666,45.61942833333334,47.02258500000001,45.93939999999999,8.071281666666668,42.732079999999996,49.34283166666667,49.64541166666667,47.78153499999999,49.74562,46.35421,47.59972333333333,48.89704833333332,49.3376,45.871671666666664,46.62719666666667,46.88854833333333,47.697291666666665,107.14314166666666,105.13980166666667,105.17762333333332,105.10051333333331,104.04518333333334,104.27097,103.36493833333334,105.031105,104.05976166666667,102.94241666666666,103.72513500000001,102.27985,106.86704666666665,107.96302666666665,104.14800666666665,105.17743333333333,106.44704333333335,103.95330166666666,104.96363,103.33889166666668,104.49329999999999,103.23573833333334,104.55896666666665,103.88919333333334,46.65845833333334,45.945679999999996,45.046186666666664,46.25443333333334,45.892208333333336,45.05314333333334,45.98272166666668,45.333298333333325,47.02430166666666,45.65496833333333,,,,,,,,,,,,,,,,,,,,,,,,,,,,,,,,,,,,,,
43.66668333333334,43.93063,42.41869833333333,44.321131666666666,43.34406,41.90839833333333,42.77016833333333,42.06671333333333,43.73173166666666,43.129823333333334,41.956424999999996,8.479106666666668,44.594139999999996,46.422176666666665,42.70156666666667,45.963235,42.67363833333334,44.267565,42.677896666666676,44.576701666666665,40.95365833333333,44.131319999999995,42.64386500000001,45.05302833333333,103.61814333333335,101.28605333333334,101.41572333333332,101.23575499999998,100.05481166666668,100.32183500000001,99.27022500000001,101.27448833333334,100.25192333333335,99.19472833333334,100.08815333333332,98.38724499999998,103.10871166666668,104.08101500000001,100.38567833333332,101.49145666666666,102.64765666666665,100.19439833333331,101.27766499999998,99.66031333333335,100.77294333333334,99.56064166666665,100.98223666666668,100.20911666666667,43.436335,42.67613333333333,41.282385,43.05669666666666,42.690671666666674,41.19283333333333,41.866375,41.454473333333326,43.208356666666674,42.07756,41.99086333333333,,,,,,,,,,,,,,,,,,,,,,,,,,,,,,,,,,,,,
51.46464666666666,50.831540000000004,49.83991666666667,50.607913333333336,49.56818666666666,48.62842666666668,49.46394166666667,48.741989999999994,49.967013333333334,48.473475,48.95059000000001,45.193909999999995,8.600563333333334,52.35106333333333,49.30041166666667,51.73958833333333,49.97859166666666,50.22974,49.73132166666666,50.89410333333333,47.71798666666667,49.047693333333335,49.908944999999996,52.06465666666667,110.55349666666665,108.18017666666668,108.139535,107.997405,106.79737833333333,107.30043833333333,106.0914933333333,107.983405,107.143285,105.88541,106.75933333333336,105.07151333333333,109.92220333333333,110.84748999999998,107.15743,108.26211166666668,109.28669666666666,106.92840666666667,108.01149333333333,106.23061666666668,107.35329833333331,106.32706833333333,107.51662499999999,106.933185,49.91345333333334,49.21640333333333,47.91970166666667,49.89602333333333,48.78893333333333,48.291313333333335,48.40828333333334,47.669151666666664,49.03888166666667,49.92974,50.651374999999994,45.13629333333333,,,,,,,,,,,,,,,,,,,,,,,,,,,,,,,,,,,,
52.91464833333333,50.86596166666667,50.72561166666667,52.633706666666676,52.51448,49.969543333333334,51.155058333333336,48.92921333333333,50.97997833333333,49.081365,49.45326,45.25705166666666,51.88816166666667,7.5620199999999995,50.50983666666667,52.26957,50.091118333333334,50.30103833333334,50.78038833333335,52.15707,48.16325,49.70243166666666,50.35517833333334,51.00046,111.35693999999998,109.076185,109.09027333333333,109.0658433333333,107.91457333333334,108.21114,107.11743666666666,108.94352833333333,108.06210666666666,106.85697000000002,107.71454333333334,105.97533166666666,110.803165,111.77664499999999,108.12922,109.24176166666666,110.21619833333332,107.93451999999998,108.92644333333335,107.23223999999999,108.45164333333332,107.42665333333333,108.47284333333333,107.94507666666668,50.43568333333334,49.49265166666666,47.910160000000005,50.51898,49.420108333333324,49.10526666666667,49.63885833333334,47.85902333333332,50.48917499999999,49.086113333333316,49.52871666666667,46.38524,52.42872666666667,,,,,,,,,,,,,,,,,,,,,,,,,,,,,,,,,,,
49.184103333333326,50.319755,52.55898833333333,50.37713166666667,49.05722166666667,48.34239833333333,49.62238666666667,48.681068333333336,49.37484833333334,48.51466166666666,49.273538333333335,43.87795333333332,49.830425,51.53505333333334,8.55726,50.41415833333334,48.58872166666666,50.25333666666668,48.73635,49.48535,45.998151666666665,46.60745166666667,47.36980166666666,47.723813333333325,108.59090166666665,106.21202333333333,106.55721833333334,106.24967333333333,105.10919666666668,105.34293999999997,104.20211999999998,106.11602833333335,105.16644833333334,104.20499166666667,104.77807333333334,103.18816333333334,108.04120999999999,108.941415,105.164055,106.29718166666667,107.44400666666667,104.9741583333333,105.87073833333334,104.20312833333334,105.40527833333336,104.41456833333332,105.61925999999998,104.98815499999996,47.98745166666667,47.361869999999996,46.49301,48.24218333333332,47.110736666666675,46.325916666666664,46.77628,45.928135,48.24747,47.34755999999999,46.77663,43.23464499999999,50.499021666666664,51.486731666666664,,,,,,,,,,,,,,,,,,,,,,,,,,,,,,,,,,
51.54120333333334,50.91881333333333,50.01883333333333,50.45811666666666,50.04664833333334,50.57114,50.226364999999994,49.076741666666656,49.40119,50.17758333333333,48.895003333333335,45.28721666666666,50.994983333333344,52.17270333333333,49.802184999999994,7.967008333333335,49.77595,50.94060999999999,50.65755666666666,49.75595666666666,47.989961666666666,49.056445000000004,49.88577666666667,50.718100000000014,110.65879666666663,108.33497500000001,108.288275,108.09050666666666,106.89573666666666,107.246405,106.18386666666666,108.10514333333334,107.096155,106.23152833333333,106.79950833333332,105.14517,109.89205333333337,110.86818666666669,107.1751,108.19813666666666,109.38260666666666,106.95802666666667,107.92234833333333,106.23584999999999,107.32221666666668,106.28150500000002,107.47712,106.80638333333333,50.211270000000006,49.38959499999999,48.03747333333334,50.20087833333332,49.03726999999999,48.40970833333333,48.93454333333333,47.83372666666667,49.64185,49.123050000000006,49.572894999999995,44.60003,52.55888999999999,52.39120333333333,50.810375,,,,,,,,,,,,,,,,,,,,,,,,,,,,,,,,,
49.29041000000001,47.79960500000001,47.51316666666666,49.12397833333334,48.592241666666666,46.58254666666667,46.40700166666666,46.31946833333333,48.239895,47.00569833333333,47.13700333333334,42.572528333333324,48.44307333333334,49.75138666666666,47.699815,49.788655000000006,8.198638333333335,48.46882,47.49613500000001,49.430861666666665,45.27882166666667,46.78714499999999,47.216355,48.949916666666674,108.28975166666667,105.95594499999999,105.99355333333332,105.840945,104.82629666666665,105.14826999999998,104.06415833333334,105.93753,104.88701833333334,103.94675166666667,104.46758166666667,103.01628166666666,107.73882166666668,108.62049999999999,104.90899666666668,105.92404,107.07216000000001,104.72857499999998,105.63677000000001,104.04974999999999,105.21593166666666,104.13335000000002,105.39869333333333,104.73734666666665,47.39986666666668,46.544968333333344,45.47867166666667,47.509998333333336,46.51729666666665,45.67515166666667,46.15724666666667,45.268051666666665,47.763886666666664,47.33480666666665,46.284025,42.22838666666666,48.94280666666667,50.433666666666674,47.757215,50.32890333333333,,,,,,,,,,,,,,,,,,,,,,,,,,,,,,,,
50.285084999999995,49.61518,48.85457666666667,50.46371666666666,48.15131833333333,48.03741500000001,48.61535666666666,47.47247333333334,48.628826666666654,49.428173333333326,49.638903333333324,43.75786333333335,50.776475,51.625305,49.54220000000001,51.15969666666667,49.2896,8.571043333333336,49.34829666666666,48.30587666666667,46.87713666666666,47.70758166666666,47.54733,48.83502166666666,109.34273166666668,107.054165,107.16433166666667,107.04351166666666,106.04003666666667,106.25159833333333,105.16463166666666,106.946015,106.04908666666667,105.05793333333334,105.65919666666669,104.14931666666666,108.90038499999999,109.78587666666667,105.99812833333334,107.03849833333334,108.28765499999999,105.93252166666666,106.78144499999999,105.070345,106.28748499999998,105.25821333333334,106.41089833333332,105.84728666666668,48.80588166666668,48.52570833333334,47.255024999999996,49.037879999999994,48.074886666666664,47.368493333333326,47.58404333333334,46.60733166666666,48.60662833333334,48.17861,47.105291666666666,43.79644166666667,50.65249833333334,51.617050000000006,47.80878,50.58932166666667,48.36464333333334,,,,,,,,,,,,,,,,,,,,,,,,,,,,,,,
49.57044666666667,49.51100999999999,48.28000499999999,50.23907666666666,47.95120499999999,47.54111333333334,48.470654999999994,46.65899666666666,49.25993,48.068844999999996,47.76249166666667,42.726781666666675,50.18194,50.88254666666667,48.24630666666667,50.583349999999996,48.38073666666667,50.11998833333334,8.527031666666666,48.21425999999999,46.963061666666675,47.77177833333334,47.92332666666667,49.44227,108.931835,106.61268833333334,106.69594333333335,106.49611499999999,105.51672500000001,105.72185000000003,104.79095333333335,106.51188333333334,105.48909333333333,104.67048999999999,105.15741666666665,103.61629666666667,108.26014833333333,109.40964333333332,105.40879833333335,106.61255833333334,107.87605666666667,105.35216833333334,106.40365000000001,104.66423166666667,105.86567499999998,104.85738833333335,106.02510666666666,105.41941500000001,48.19821333333334,47.83860833333333,46.20674,48.311778333333336,47.14557666666668,46.7578,46.959961666666665,45.98731833333334,47.99731333333333,47.36969666666667,47.403453333333324,44.26149333333332,50.42749666666667,51.46585166666667,48.48767833333334,50.625141666666664,48.62885666666667,49.98536999999999,,,,,,,,,,,,,,,,,,,,,,,,,,,,,,
49.60560000000001,48.899695,47.576695,49.75633666666667,48.42265166666667,48.30145666666666,48.29582500000001,47.478098333333335,49.77656666666667,48.32918333333334,48.24055666666666,44.393828333333325,51.51145999999999,50.98716500000001,49.27443333333332,52.17722500000001,49.25279000000001,50.610596666666666,49.53516666666667,8.625778333333333,47.39739499999999,48.272639999999996,48.77955833333333,48.810775,109.56742166666666,107.29464000000002,107.34299499999999,107.16765166666666,106.18733499999999,106.41158833333334,105.38911999999998,107.18028000000001,106.26158000000001,105.58081,106.15902333333334,104.74305333333332,109.70162166666667,110.49968000000001,106.47464499999998,107.66010666666668,109.01323333333333,106.65832999999999,107.51612666666666,105.58983333333332,106.85971166666667,105.95300999999999,107.00889499999998,106.43529333333333,49.88052833333334,48.729980000000005,47.846624999999996,50.601953333333334,48.63528833333334,48.03580666666666,48.142689999999995,47.59422166666666,49.82900333333334,49.758070000000004,47.66573,44.62370833333333,50.685126666666676,51.98907333333332,49.55482333333333,51.55729666666666,49.176498333333335,50.69197666666667,50.505785,,,,,,,,,,,,,,,,,,,,,,,,,,,,,
52.095036666666665,47.85906999999999,45.294349999999994,47.57136666666667,46.3405,45.76315666666667,46.87267833333333,45.72193166666667,47.17037166666666,47.279653333333336,45.793604999999985,41.32586,49.29038166666667,49.80480000000001,46.169261666666664,49.37801333333334,45.81552833333334,48.74890666666666,47.195143333333334,48.56041333333334,8.038725000000001,45.71262333333333,46.526019999999995,46.95607499999999,106.55886,104.97836833333335,104.92659833333335,104.94641333333334,103.88913500000001,103.95339333333334,103.17081833333333,104.969605,103.73033333333335,103.05279333333333,103.682765,101.57511,106.06649666666667,107.05925666666668,103.72191166666666,104.97285000000001,106.01242333333334,103.90849333333333,104.93355999999999,103.32109999999999,104.41486333333336,103.00464,104.54852000000001,103.90672666666669,46.09985833333334,45.956590000000006,44.26917666666667,46.18955833333333,45.360513333333344,43.98217833333334,45.13138166666667,43.95281,45.789695,45.897776666666665,44.68107166666667,42.53046,49.15376833333334,50.62604666666667,47.37381833333333,49.823013333333336,47.519136666666675,48.283455000000004,48.20688833333334,47.79619,,,,,,,,,,,,,,,,,,,,,,,,,,,,
49.957115,49.20436,48.14974333333334,48.298496666666665,48.77391000000001,47.54399999999999,47.85952833333334,46.36789166666666,49.60897166666666,49.236835,47.851519999999994,43.242155000000004,50.520425,51.61476833333334,48.686601666666675,50.80037666666667,47.902170000000005,48.99777666666666,48.01472833333333,49.50452833333333,47.34680166666668,8.587301666666667,49.77650833333332,50.731545000000004,107.527815,105.369225,105.58187833333332,105.34470833333334,104.3020766666667,104.522395,103.65523000000002,105.865805,104.80391666666668,103.46059166666667,104.38633499999999,102.51124999999999,107.2093833333333,108.25113666666668,104.51197166666667,105.66818666666666,106.72387500000002,104.30485333333334,105.38529999999999,103.69227333333335,105.18631500000001,104.14305666666667,105.68816666666666,104.94579333333333,47.87311,47.55004666666667,46.04940666666667,48.65682333333332,47.51673000000001,47.73704,46.297871666666666,46.206273333333336,47.988448333333324,47.792889999999986,48.526355,44.07644500000001,50.34406166666667,51.08325833333333,48.24080833333332,50.74976833333333,47.597403333333325,47.90281166666667,47.68263,49.974466666666665,46.72528833333334,,,,,,,,,,,,,,,,,,,,,,,,,,,
48.99758500000001,48.99799166666666,46.805653333333325,48.26953333333332,48.25786166666666,47.585255000000004,47.23908833333332,45.46482333333333,48.85990999999999,47.42315833333333,47.156175,42.485806666666676,48.868255,50.85084166666667,47.53456833333334,50.894601666666674,48.608846666666665,48.56629333333333,49.33925333333334,48.76236166666667,47.12325833333333,46.42447333333333,8.05919,49.188515,108.83336,107.01317999999998,106.59247833333333,106.18148666666667,105.63673,106.77132,105.62097,107.64855833333333,106.71718833333334,105.3664,106.28632333333331,104.82529,109.00233666666666,110.32457,106.16285166666665,107.57245833333336,108.58887333333335,105.4604,106.68718166666667,105.01660333333334,106.8509,105.89826833333333,107.07579333333335,106.05413833333334,49.52595166666666,49.12802333333333,47.181458333333325,48.92648,49.236693333333335,48.732330000000005,49.21592666666667,48.614688333333326,49.96338,49.022205,49.31773999999999,45.42099333333333,50.98875666666667,51.52585333333333,49.67776166666667,51.023245,48.053245000000004,49.92955166666666,48.451548333333335,49.23367833333334,47.733824999999996,47.605448333333335,,,,,,,,,,,,,,,,,,,,,,,,,,
50.986466666666665,50.843878333333336,49.346518333333336,51.825146666666654,50.951523333333334,49.869845000000005,49.93042,48.956385000000004,50.904068333333335,49.71583833333333,50.30598499999999,45.45692,50.46314000000001,52.08667499999999,49.125956666666674,50.561583333333346,48.136496666666666,49.02381500000001,49.795445,50.27724666666666,46.53134666666667,48.51893666666666,48.43578333333333,7.589818333333334,110.0150416666667,107.647325,107.35838166666667,106.95800666666668,106.03453,106.29660166666666,105.10132166666665,107.15575166666666,106.07960666666668,105.01518833333334,106.29942666666668,105.07567833333334,109.27330999999998,111.23111999999999,107.15254166666665,108.27584333333334,109.88986166666668,107.21763333333334,108.10024333333332,106.33420333333333,107.09093166666666,106.47213999999998,107.33272166666667,106.41209333333333,49.957123333333335,48.95010666666666,48.02908333333333,49.600436666666674,49.311854999999994,49.14684,49.85358500000001,48.51999333333333,50.32091333333334,49.65732666666666,50.54983666666667,45.45014666666667,51.33770166666666,51.65228166666666,49.474489999999996,51.07899666666666,49.695843333333336,50.32463166666666,50.70374666666667,52.48706833333333,49.64790333333334,49.48188666666667,50.61068,,,,,,,,,,,,,,,,,,,,,,,,,
112.41009333333331,111.55056666666665,110.20020833333334,112.32843833333335,111.46206833333332,110.15446999999998,109.886855,108.38664499999999,109.64826500000001,108.84810000000002,106.93448333333332,103.74558999999999,110.717115,111.42062499999997,108.60482499999999,110.55419333333332,108.12676833333333,109.47280666666668,108.91619666666666,109.69767833333331,106.71633,107.90781500000001,109.19834,110.20979500000001,7.395948333333336,49.45259166666666,50.473679999999995,50.050385,48.763405000000006,49.44553833333333,48.411485,49.81501,49.189750000000004,47.929449999999996,48.7962,45.29278166666666,52.46152166666666,53.51437333333334,49.63003333333334,50.948166666666665,52.05778000000001,49.25912833333333,50.33552000000001,48.988183333333325,50.127064999999995,48.06846666666667,49.402943333333326,49.33844,110.464595,112.88785000000001,110.09295166666665,112.47378166666664,111.66683666666667,110.06346833333332,110.00344833333334,108.26395499999998,110.12696500000001,108.92558333333332,106.949255,103.795965,110.51403333333333,111.18688166666665,108.38896333333334,110.4177333333333,108.21894333333333,109.35873999999998,108.87606666666666,109.31254000000001,106.72216166666666,108.138695,108.37044999999998,109.72284166666667,,,,,,,,,,,,,,,,,,,,,,,,
108.05394499999998,107.14237,106.05608500000001,108.52665499999999,107.74072,106.40427,107.10116166666667,105.86357833333332,107.92315499999998,106.89721666666665,106.29809333333333,102.07123000000001,109.21643166666668,110.05182833333335,107.37551999999998,109.15814166666667,107.01454166666666,108.10045,107.63778833333332,108.36004166666666,105.76728166666665,107.02010333333332,107.64238666666664,108.18868000000002,51.360029999999995,7.395581666666667,49.39199166666666,49.30901,47.837245,48.59685833333334,47.52968833333333,49.089636666666664,48.46208166666667,47.60309166666667,48.100141666666666,44.24291333333334,49.308726666666665,52.53495500000001,49.211195,50.21773666666667,50.802306666666674,48.36873666666666,50.092523333333325,47.95511,48.91661666666667,46.70686666666667,48.78245833333333,48.334585,108.86356,108.20622166666666,106.96776166666666,108.57166,107.53358,106.45118500000002,106.96740833333334,105.74676166666667,108.386045,106.705275,106.13034833333334,102.08598166666668,109.087425,110.04163666666665,107.00163333333333,109.10100333333334,106.93357666666668,107.99820833333334,107.70402500000002,108.171225,105.647855,106.95222333333335,107.03626333333337,108.61137666666667,51.400245,,,,,,,,,,,,,,,,,,,,,,,
108.322425,107.28173,105.79941833333336,107.62497333333333,106.59097500000001,105.36250500000001,106.14055166666667,104.75856666666665,106.9535,105.81561166666665,105.19561499999999,101.33897499999999,107.98113500000001,108.87919833333332,106.46621499999999,108.08904833333334,105.86254666666666,107.11517666666668,106.56160666666666,107.21147166666667,104.92089499999999,106.01541166666665,106.473115,107.18104833333332,50.38953333333333,49.43365333333333,7.386253333333334,48.18606666666668,46.78485666666667,47.55509666666667,46.42647666666667,47.877765,47.39190166666666,46.33304166666667,46.81255333333334,43.022713333333336,47.92853,51.430168333333334,47.51334000000001,49.07397333333334,49.966688333333344,47.114248333333336,48.51537666666667,46.92897833333333,48.022394999999996,45.72502,47.65391666666667,47.397358333333344,107.94396333333331,107.13257833333334,105.75030666666667,107.59207500000001,106.51277833333333,105.37000333333332,106.11543499999999,104.71770333333332,106.954125,105.89694,105.18657999999999,101.34291,107.97888499999999,109.00086333333334,106.23528166666668,108.04561999999999,105.89892666666668,106.91113166666665,106.637855,107.28709333333332,104.668965,105.55890666666666,106.80707500000003,107.56235333333333,50.29831666666667,49.414789999999996,,,,,,,,,,,,,,,,,,,,,,
107.80309166666669,107.15510500000002,105.75838,107.66442166666667,106.626325,105.75493166666665,105.81525333333333,104.55288833333333,106.742075,105.960815,107.18988000000002,101.23136666666666,108.33087666666667,109.53411999999999,107.026485,108.80812333333333,106.36254,107.53658666666665,106.56796666666665,107.24453666666666,104.19959166666666,105.59164666666668,106.1722383333333,107.16578666666666,49.816273333333335,49.05936000000001,47.932595000000006,7.391575000000001,46.183548333333334,47.133005000000004,46.01836333333333,47.23042666666666,46.939490000000006,45.831230000000005,46.93749499999999,43.35587833333333,48.455625,50.29426,47.293580000000006,48.50208833333333,48.92721499999999,46.963190000000004,48.366240000000005,46.361864999999995,47.16963666666667,45.32262666666667,46.99352166666666,46.94027499999999,107.67477,107.14673333333336,105.63920500000003,107.37488000000002,106.35010333333334,105.24212666666669,106.01966166666668,104.56284500000001,106.68715499999999,105.83152833333332,104.92651333333333,100.90594333333333,107.96116333333335,108.82690166666666,106.14741666666667,108.09083166666667,105.83896666666666,107.07606333333331,106.43044666666665,107.09110666666666,104.53807666666665,105.77442166666667,106.144605,107.01353833333333,49.857191666666665,48.995839999999994,48.00142,,,,,,,,,,,,,,,,,,,,,
106.53607333333335,105.80704,104.35665166666666,106.0969,105.13925499999999,104.05522333333336,104.68621666666667,103.43475333333333,105.54395333333335,104.45184333333331,103.78576833333331,99.74141666666665,107.00640333333331,107.63900166666666,105.61238666666665,106.75326833333332,104.68725500000001,105.66859333333332,105.34267166666665,105.86102666666666,103.35880499999999,104.66679166666667,105.30573166666666,105.949255,48.66683166666667,47.75819833333333,46.655456666666666,46.31124500000001,7.4004650000000005,45.59032,44.889305,45.988074999999995,46.61013500000001,45.30529833333334,45.57241666666666,41.83281166666667,47.898803333333326,49.940805000000005,46.409416666666665,47.54656833333333,48.613955,46.11508000000001,47.63181666666668,45.55957166666667,46.755591666666675,44.49931,46.27968166666667,46.24359333333333,106.69634166666665,105.754215,104.300085,106.05145333333333,105.23082166666667,103.989645,104.70872166666665,103.40804166666666,105.5102,104.61105333333332,103.77171999999999,99.74617666666667,106.73809333333334,107.68945666666667,104.85648499999999,106.72503,104.54608666666667,105.73348,105.35920666666668,105.94950333333333,103.27787999999998,104.684295,104.76739333333333,105.87127000000001,48.66106333333333,47.72664666666665,46.63538833333334,46.29054666666668,,,,,,,,,,,,,,,,,,,,
107.11858333333333,106.31997500000001,104.89284833333333,106.65269666666666,105.74575499999999,104.57150999999998,105.14072833333334,103.94633166666667,106.171045,104.95735666666666,104.18712833333333,100.30584,107.25682333333334,108.11884,105.27301000000001,107.20494833333332,104.9329,106.02593166666666,105.80689,106.26968666666667,103.8115383333333,105.06976333333334,105.42901166666667,106.0318016666667,49.29242333333334,48.41894333333333,47.37790500000001,47.182003333333334,45.55165333333334,7.410139999999999,45.390215,47.24113333333333,46.32484000000001,45.45585666666666,46.108153333333334,42.002044999999995,48.05219499999999,50.68010833333333,46.78206833333333,47.74251333333333,48.690866666666665,46.39049166666667,47.59391666666667,45.76139166666667,47.32715333333333,45.263533333333335,46.826299999999996,46.58922166666667,107.28639333333332,106.35553500000002,104.81929833333334,106.68387333333335,105.63877166666666,104.46472499999999,105.0515,103.85733166666667,106.02284666666668,104.83749333333334,104.16041500000001,100.33792333333334,107.12711499999999,108.09470000000002,105.20043833333334,107.07806666666666,105.12286000000002,106.01467333333333,105.688445,106.32326333333332,103.70739333333331,104.97873166666668,105.32124,106.22195333333333,49.23812666666666,48.47080833333334,47.347405,47.191804999999995,46.08650666666667,,,,,,,,,,,,,,,,,,,
106.50218,105.307255,103.82824500000001,105.66642,104.659695,103.54734833333332,104.23969666666666,102.905905,105.00393000000001,104.16142333333333,103.36019000000002,99.31277833333334,106.13624333333334,107.08247833333334,104.21642333333334,106.07753166666667,103.87505666666665,105.27298166666668,104.74146333333334,105.28535999999998,102.88635499999997,104.1943,104.50554,105.06488333333333,48.34072333333334,47.48622333333333,46.37758166666667,46.008561666666665,44.792906666666674,45.25566,7.397596666666665,45.72270333333333,45.267254999999984,44.72027166666667,45.236831666666674,41.320611666666665,46.947158333333334,49.31212999999999,45.339389999999995,47.11488999999999,47.95805,45.310045,46.561481666666666,45.01738833333334,46.09464,43.53514499999999,45.32976333333333,45.48881833333334,106.11036166666666,105.33942999999998,103.85576,105.64313000000001,104.60746666666667,103.49455166666668,104.21589166666668,102.91823166666666,104.94637333333334,103.86882833333334,103.30858166666665,99.35123666666667,106.13796333333332,107.01933333333334,104.20809333333334,106.16295666666664,104.21460166666668,105.11385000000001,104.76409166666666,105.28226166666668,103.02763,104.18872166666667,104.26409333333335,105.48182833333333,48.365595,47.47888833333333,46.32035,45.98973333333335,44.853411666666666,45.23909833333333,,,,,,,,,,,,,,,,,,
108.03018999999999,106.95684000000001,105.62299999999999,107.45934833333332,106.38358500000001,105.12593666666668,105.91731666666668,104.46706,106.67820833333333,105.63823000000001,104.93198833333334,101.18760666666668,108.07386333333335,108.84968666666667,106.18996,108.01791166666668,105.83537833333334,106.70723000000002,106.39831166666669,107.26871166666666,104.69098666666665,105.84236833333334,106.03462999999999,107.02250333333332,49.742416666666664,48.905595,47.78071666666666,47.161314999999995,45.850705,46.63010666666667,45.67975833333334,7.3663583333333325,46.54151666666667,45.83525166666668,46.686536666666676,42.94750333333333,48.84071,51.05275333333333,47.33404666666666,48.43091,49.38857333333333,46.78905333333333,48.24520333333333,46.555949999999996,47.61658833333333,45.729685,47.50893333333334,46.9428,107.90729833333334,106.97651,105.62113333333333,107.38693666666667,106.28345833333333,105.10988,105.818645,104.431945,106.75736833333333,105.64151666666667,105.00797999999999,101.09528166666666,107.87350500000001,108.82462666666666,105.99286666666667,107.98954,105.831525,106.76655,106.41008166666666,107.15403166666665,104.66961166666668,105.89306666666666,105.76937000000001,107.01123000000001,49.74095,48.903273333333324,47.796601666666675,47.17812,45.84677166666666,46.603273333333334,45.685723333333335,,,,,,,,,,,,,,,,,
107.25609999999999,106.15790666666663,104.66780833333334,106.49033666666668,105.72023333333331,104.32264166666668,105.087945,103.60109666666666,105.88348333333334,104.79823333333334,103.99109333333332,100.07836166666668,107.15025666666666,108.14639666666667,105.15552166666667,107.20430999999999,104.79663833333332,105.99723,105.46270999999999,106.10341999999999,103.55109166666666,104.88700666666666,105.08870999999999,107.79880666666668,51.441705000000006,50.415524999999995,49.42476166666666,49.70517666666667,48.28998333333334,48.96197833333333,48.607375000000005,49.925663333333326,8.840985,47.66066,49.24043499999999,42.77733,47.837754999999994,49.811296666666664,46.57849333333332,47.61459333333333,47.948375,46.25612833333333,47.71190333333332,45.25654166666668,46.502485,44.85009,46.40119166666667,46.25636333333334,107.47007333333332,106.54525833333332,104.73854999999999,106.52030500000002,105.59132833333332,104.314415,105.02405,103.53462,105.89199333333333,105.15774499999999,103.88495166666668,100.20015666666664,107.344325,108.07702833333332,105.17520666666665,107.07674333333334,104.88956166666665,106.07711333333332,105.47187166666667,106.17346333333332,103.45327833333334,104.8749816666667,105.635845,105.69740666666667,48.959948333333344,48.18508666666666,47.142115000000004,46.955531666666666,45.633225,46.26538333333333,45.24304,46.558659999999996,,,,,,,,,,,,,,,,
106.29440166666666,104.98507,103.43895166666665,105.26053833333333,104.25406000000001,103.3249,103.75712,102.43202833333334,104.706285,103.54522166666666,102.93349666666666,98.91722166666666,105.86128999999998,106.87464,104.169605,105.92622166666665,103.94084,104.89840166666667,104.54824166666666,105.06769166666669,102.61582333333332,103.79113000000001,104.30522833333333,105.405755,47.85593666666666,46.944206666666666,45.902293333333326,45.72005166666666,45.01944833333333,45.24724166666666,44.27189833333333,45.59747,45.51862500000001,7.575784999999999,44.02677333333334,40.82285999999999,46.74949499999999,49.105,45.40054666666667,46.90744999999999,47.58484666666667,45.38017999999999,46.66037166666666,44.63551166666666,45.839484999999996,43.717325,45.344831666666664,45.25230333333333,105.94307333333334,104.94929833333336,103.42689833333331,105.26890166666666,104.16445,103.18479166666668,103.82796666666667,102.44918833333332,104.55922999999999,103.49522166666665,102.95240666666668,99.00622166666666,105.76836000000002,106.835525,103.98503666666666,105.94000000000001,103.68696166666668,104.76539333333335,104.87465166666668,105.01269333333333,102.63898833333334,103.90756166666667,104.38203166666666,105.00821666666664,47.84301,46.89719333333334,45.90965333333334,45.820478333333334,44.97844333333334,45.27444666666666,44.254311666666666,45.66675833333334,45.46874166666666,,,,,,,,,,,,,,,
107.17966500000001,105.91194833333334,104.44112166666667,106.26878166666667,105.25720000000001,104.036435,104.796545,103.39756833333334,105.56264666666667,104.61923333333334,103.71834333333334,100.04037333333332,106.94748666666663,107.74917666666667,104.80019,107.03179333333334,104.67470333333335,105.88144000000001,105.250115,105.86514333333335,103.45288500000001,104.67440166666667,105.14427166666667,106.46068166666667,48.40659500000001,47.543899999999994,46.44049166666667,45.661311666666656,44.434740000000005,45.06330666666667,44.21998,45.60667833333335,45.87896666666666,44.59142333333333,7.5975116666666676,41.42524333333334,46.66466833333333,49.28388,46.208905,47.094030000000004,47.683653333333325,44.97057833333333,47.19087,44.947855,45.759165,43.758751666666676,45.78897666666667,45.571079999999995,107.09184666666665,105.78942333333333,104.41118,106.23774833333336,105.21700666666668,104.02040999999998,104.85525833333332,103.39953833333335,105.65692999999999,104.41232,103.81900166666665,99.96365833333331,106.89147833333335,107.73173666666666,104.827575,106.96263666666664,104.44682,105.585375,105.10349833333333,106.00583833333334,103.40335000000002,104.65189666666666,104.99898999999999,106.08783333333334,48.407806666666666,47.54167,46.43607999999999,45.670570000000005,44.43784,45.040826666666675,44.19115,45.60795833333334,45.86896833333333,44.608678333333344,,,,,,,,,,,,,,
109.52903,104.97071833333332,103.49338333333333,105.47504500000001,104.48125999999999,103.40743666666665,103.88852833333333,102.69980833333335,104.73640499999999,103.715335,103.01971666666667,99.01664333333333,105.86662666666666,106.704065,103.94511166666666,106.17229833333332,103.90422000000001,104.89043333333332,104.56924166666664,105.19573833333332,102.60832333333335,104.04548666666666,104.57920833333333,105.26160666666665,45.528868333333335,44.62867833333334,43.63472833333333,42.52791,40.68282166666666,41.29423333333334,40.49313166666667,42.019825,41.95365833333334,40.81346666666668,41.373736666666666,7.598086666666668,44.52003166666666,44.772175000000004,41.687415,43.247051666666664,44.31245,41.30959,42.493746666666674,41.43928166666667,42.37222166666666,40.14649000000001,40.92243166666667,41.787646666666674,106.08737999999998,105.069915,103.71303499999999,105.48715666666666,104.46689666666667,103.48727166666667,103.95573333333334,102.65012333333333,104.823615,103.75151833333335,103.22466666666668,98.95016166666669,105.68950333333333,106.76960666666666,104.03063499999999,105.93554999999999,103.78716833333333,104.81347333333333,104.47514999999999,105.06687166666666,102.62701333333334,103.75722166666668,104.29650833333335,105.26140999999998,45.52328333333333,44.63004333333333,43.62465,42.40813333333333,40.68503999999999,41.30407,40.47550333333333,42.76821666666667,42.02306,41.12479,41.05316,,,,,,,,,,,,,
114.19302,109.40079833333334,107.58603000000002,109.50088666666666,108.96394666666667,107.34845666666668,107.99522666666668,106.55036,109.22777333333335,107.72796833333332,106.9947766666667,102.86034833333332,109.93754666666668,110.88417333333331,107.83220499999999,109.92297,107.848155,108.97312499999998,108.33538166666665,109.09792833333331,106.59300666666667,107.75227833333334,108.13791333333332,109.04964166666666,52.49952333333334,51.54366666666666,50.51840833333333,51.12842666666667,50.122661666666666,49.441725000000005,48.09341333333333,50.22832000000001,49.20457166666666,48.13546333333335,48.565009999999994,44.76876166666667,7.559575,50.852774999999994,48.42286166666668,51.83160833333332,52.598238333333335,49.017126666666655,50.09578333333334,48.425549999999994,49.55527166666666,47.74140333333333,49.02232166666667,49.49447166666667,109.82361,109.00369833333333,107.66957333333333,109.47085333333331,108.53261333333333,107.24897000000001,107.90954333333333,106.56099499999999,108.82685833333335,107.83008333333333,107.00988333333332,102.80662333333335,110.04192333333334,110.80931999999999,107.99081,109.94959166666668,107.67585833333334,108.84977499999998,108.26849666666668,109.215,106.49943833333333,107.74478833333335,108.09187833333334,109.04890833333333,52.427765,51.52696666666666,50.437295,51.10505499999999,50.01254666666667,49.382243333333335,48.12262333333334,50.262820000000005,49.19845000000001,48.178515000000004,48.669195,44.77580166666667,,,,,,,,,,,,
110.25083499999998,108.99683833333333,107.52911166666667,109.21128833333333,108.35382666666666,107.23287166666668,107.767975,106.5120733333333,108.61820833333333,107.66031833333335,106.86634166666667,102.74949666666666,109.86906833333335,110.81376333333336,108.00019999999999,109.87875500000001,107.59210666666667,108.66906666666668,108.39832666666666,108.93059000000001,106.46085166666666,107.694765,108.1779,108.71708833333332,50.43137,49.44437166666667,48.12998333333334,51.329143333333334,50.31711166666666,48.72311500000001,47.39794166666667,49.57866833333334,48.95981833333334,47.67932000000001,48.41330666666667,44.64489,51.09056333333333,7.590365000000002,50.114385,51.103228333333334,52.98227833333333,49.01418333333333,49.62242666666668,47.791025000000005,49.13535166666667,47.30537999999999,48.182129999999994,49.005856666666666,109.66604000000002,109.02102500000002,107.54705,109.63224333333334,108.403545,107.07009833333332,107.79178166666667,106.34713833333333,108.62133166666666,107.69869666666668,106.82370999999999,102.90074166666668,110.03351666666667,110.72916833333332,107.80966,109.754505,107.51212666666666,108.74876666666667,108.41015166666665,109.18022666666667,106.48540999999999,107.78368333333334,107.92036166666666,108.83919833333333,50.44977833333333,49.45845166666666,48.131235000000004,51.358940000000004,50.326728333333335,48.720155,47.41205,49.64751333333333,48.97001,47.63930833333335,48.57099000000001,44.65607666666666,51.10910166666667,,,,,,,,,,,
108.00752999999999,107.2629,105.92965666666666,107.91979999999998,106.82143500000001,105.61970833333334,106.256715,104.97798000000002,107.02319,106.020785,105.225335,101.35141666666668,108.34492666666668,109.29108666666664,106.25762499999999,108.3382,105.96091999999999,107.14024166666667,106.60172000000001,107.45752000000002,104.85107666666667,106.08545,106.59400333333335,107.163685,50.54788166666667,77.59759166666666,48.477419999999995,49.331965000000004,48.247455,47.547353333333334,46.26752499999999,48.356641666666675,47.261583333333334,46.45516666666666,47.04672,43.056308333333334,51.03781833333334,52.03431166666667,7.600576666666668,47.70891000000001,51.450379999999996,47.28807333333333,48.41560833333333,47.21442999999999,48.40238833333333,46.074475,46.96242833333333,47.861155,108.205835,107.34118166666667,106.0075,107.71651666666668,106.77183000000001,105.52263000000002,106.266735,104.84450333333334,106.98610333333333,106.06220833333333,105.34844333333334,101.32513000000003,108.08567500000001,109.14961166666667,106.18228166666667,108.10438666666666,106.02510666666667,107.17978833333335,106.49399833333332,107.36658666666668,104.89161833333331,106.06143166666668,106.622355,107.49327666666667,50.564766666666664,48.081915,48.43934833333333,49.32241999999999,48.245923333333344,47.54237333333333,46.273695000000004,48.346808333333335,47.113209999999995,46.52995999999999,47.02302,43.073299999999996,51.04400666666666,52.041970000000006,,,,,,,,,,
108.75124166666666,107.37616833333334,105.94212666666667,107.84815833333333,106.90285333333333,105.51047666666669,106.32187166666668,104.944405,107.13743999999998,105.99955,105.29858833333334,101.24067333333335,108.31795999999997,109.13248166666666,106.27989333333335,108.20604833333334,106.040365,107.07503666666668,106.62124,107.27748166666666,105.15700833333335,106.27964666666666,106.62586499999998,107.23525833333332,50.58391666666667,48.26595833333333,48.67157666666667,48.426586666666665,47.54159166666667,47.83029166666667,46.40577166666667,49.24263666666667,94.55079666666667,47.40995333333333,46.91066333333333,43.351298333333325,50.529111666666665,51.29470666666666,48.063655,7.5595349999999994,49.529831666666674,47.385756666666666,48.40476166666667,48.359625,49.16057333333333,46.74250666666667,47.80918000000001,47.84895333333334,108.30636666666668,107.42752500000002,105.89781500000001,107.84139499999999,106.80599333333332,105.45032833333333,106.24390666666666,104.812915,107.080275,105.95277333333333,105.27602333333334,101.20884,108.28438833333335,110.37771499999998,109.61227666666669,110.98679500000001,108.50303666666667,109.00264833333334,107.56541,107.46350166666667,104.99327000000002,106.03914166666665,106.64823166666667,107.70407999999999,50.65009,48.26195666666666,48.632569999999994,49.24551833333333,47.52793333333334,47.82181166666667,46.39848166666666,49.24936166666667,66.70393,47.44794333333334,47.21796333333334,43.34125,50.971358333333335,51.88932166666667,47.639156666666665,,,,,,,,,
109.95246500000002,108.42597166666668,106.980315,108.86156666666669,107.85737666666668,106.61366166666666,107.281315,105.89525833333333,108.19712666666668,107.16610333333335,106.56452999999999,102.506625,109.37284666666665,110.41673166666668,107.37139666666668,109.61503333333336,107.20461999999999,108.26982166666669,107.99712833333335,108.56847666666667,106.15499833333335,107.24082666666666,107.62420666666667,108.41037333333334,51.577504999999995,49.39980333333333,49.76903333333334,49.371525,48.478615,48.77216333333334,47.43134500000001,50.313156666666664,48.24734333333333,48.506275,48.108095,44.04071333333333,51.78573833333334,52.734359999999995,48.74601500000001,49.48542166666667,7.382618333333333,48.56105666666666,49.66243333333333,49.05502166666667,50.05667166666666,47.42163166666666,48.6739,48.691590000000005,109.48721,108.47019000000003,107.21937,108.8707633333333,107.971325,106.72086833333333,107.37611499999998,106.109985,108.33897166666665,107.23239166666667,106.52527166666668,102.48386666666667,109.30494666666665,110.23217166666664,107.35069333333333,109.50363,107.21764833333334,108.51132333333335,107.99364833333333,108.62671333333331,106.207095,107.23609166666665,107.92502833333334,108.23833833333335,51.60112,49.37762,49.775420000000004,49.34625166666667,48.475678333333335,48.768600000000006,47.40922833333333,50.31705,48.34328333333334,47.818891666666666,48.11191,44.32353500000001,52.86875499999999,53.34878833333334,48.75091833333334,50.31242833333333,,,,,,,,
107.10589333333333,105.881425,104.26616333333334,106.19771666666666,105.24111166666665,103.95975,104.74468,103.28588666666667,105.52296166666667,104.47699333333333,103.78447333333335,99.84118333333332,106.74857333333334,107.742085,104.82009833333333,106.72018833333334,104.56187,105.71569166666666,105.20223166666666,105.80879000000002,103.62880500000001,104.67997000000001,105.13040833333334,106.02405166666667,48.858855000000005,46.59790166666668,46.91199666666667,46.57468666666667,45.80033333333334,46.10537499999999,44.81988166666667,46.62423833333333,45.603986666666664,45.00852333333333,45.24154666666668,41.681016666666665,49.427675,50.35497666666667,46.594935,47.54492166666666,48.47989833333334,8.012778333333333,47.733509999999995,45.82273333333334,46.868563333333334,44.90554,45.722633333333334,46.45552,107.04191166666668,105.99235,104.40617,106.26976333333334,105.352105,103.95794833333335,104.78949833333333,103.33857,105.71505,104.380175,103.85708500000001,99.85272666666665,107.02613333333335,107.86101333333333,104.99064,106.81802500000002,104.61570999999999,105.67790833333332,105.39886,105.86249333333335,103.45272166666666,104.64994499999999,105.77713999999999,106.46819666666667,48.971943333333336,46.67938,46.78284166666667,46.56195,45.891421666666666,46.19839166666667,44.96308833333333,46.68785833333334,45.79244833333333,45.05829000000001,45.544601666666665,41.730975,49.698115,50.50475333333334,46.66923999999999,47.55518,48.42780166666665,,,,,,,
108.41738,107.140315,105.55303666666667,107.81832833333334,107.10212,105.56538166666667,106.83868666666666,105.41432000000002,107.71951333333334,106.49773,104.69997166666664,101.08656166666668,108.10565833333332,108.97507,105.90982500000001,107.84002333333333,105.64540666666666,106.66362666666666,106.29619999999998,106.92489499999999,104.54774666666667,105.85169000000003,106.17756666666666,107.17560833333336,50.33450166666666,48.308668333333344,48.45084,48.17053166666667,47.269870000000004,47.661426666666664,46.44566,48.065801666666665,47.18013333333333,46.363461666666666,46.24887166666667,43.042968333333334,50.41146499999999,51.374984999999995,47.59859666666667,48.836205,49.74161166666667,47.516425000000005,7.574308333333332,46.63525,48.13286833333333,45.80640666666666,47.04277166666666,47.589535,108.20244666666667,107.05574166666665,105.47514333333332,107.43628000000001,106.4009316666667,105.06362666666669,105.77481000000002,104.45996833333334,106.78988,105.56357499999999,104.87777666666665,101.02611166666667,107.884375,108.76167999999998,105.64188833333334,107.75804333333333,105.56430833333332,106.57341000000001,106.25890000000001,106.92245333333334,104.48209333333334,105.92992666666667,106.06678166666667,107.46522333333334,50.337628333333335,48.34314166666667,48.44741333333334,48.214794999999995,47.25044833333333,47.688480000000006,46.44588833333333,48.06428499999999,47.177424999999985,46.35590333333333,46.158396666666675,43.014465,50.42024333333333,51.42391833333334,47.595031666666664,48.767965,49.85097333333333,47.53951333333334,,,,,,
106.86589833333333,105.45804833333332,104.064355,105.93036333333333,104.97894333333333,103.49872833333333,104.19682666666667,103.05249833333335,105.19255333333335,104.00218666666666,103.53187833333334,99.41521666666668,106.25755666666666,107.16099333333334,104.16954166666669,106.31739666666667,104.00594999999998,105.17620666666666,104.79156999999998,105.44202666666666,103.19817499999999,104.38722999999999,104.62131,105.45659500000001,48.670541666666665,46.53373166666667,47.47223666666666,47.16046333333333,46.41121500000001,46.65670666666667,45.45308833333333,48.35875666666667,47.50997333333334,46.79085333333333,46.08377833333333,42.19811,50.06388333333333,51.095468333333336,47.81104833333333,48.41751,49.28260833333332,46.915463333333335,48.04691833333333,7.536406666666667,45.813658333333336,45.598211666666664,46.67986833333333,46.86576833333334,107.12761833333333,106.39142000000002,104.97822166666668,106.83141833333333,105.82603999999999,104.49096166666666,105.22448000000001,103.89416833333333,106.13830333333333,104.95112999999999,104.455285,100.28642333333335,107.29169666666667,108.09759500000001,105.21433500000002,107.27513499999999,105.08419666666666,106.02269,105.67857166666666,106.48630833333331,104.01500499999999,105.24826000000002,105.56538166666665,106.61902833333332,49.612263333333324,47.23880666666667,47.593933333333325,47.14105333333334,46.42665833333333,46.67543833333333,45.447848333333326,48.36403,47.48965499999999,46.797906666666655,46.209248333333335,42.208225,50.06641000000001,51.11321333333333,47.198616666666666,48.57485333333334,49.336785000000006,46.961920000000006,48.063141666666674,,,,,
107.75733500000001,106.78087166666668,105.05163833333332,107.086785,105.98603666666666,104.82862499999999,105.44146500000001,104.25601500000003,106.11926666666668,105.02856333333334,104.55829,100.53363666666667,107.49653500000001,108.57260666666666,105.33072666666666,107.36706666666664,105.08001166666669,106.20291666666667,105.84916333333334,106.56202666666668,104.08375166666666,105.37210166666667,105.61015333333334,106.68291833333335,49.69903999999999,76.77654833333337,47.76493833333334,47.462410000000006,46.65224333333334,46.922025000000005,45.532371666666656,47.546616666666665,46.562625000000004,45.91457666666667,47.06880500000001,43.808025,50.190909999999995,51.00457833333334,47.31083,48.72759,49.207033333333335,46.902806666666656,48.16674333333332,46.28744666666667,7.592435,44.96067,47.47153166666667,46.969315,107.45168833333334,106.51099166666665,105.05497166666666,106.95145666666667,105.91675333333333,104.59759833333334,105.36534499999999,104.21725,106.13977833333333,105.01288333333332,104.402675,100.80925666666666,107.54016000000001,108.28585,105.37157166666667,107.95318166666667,105.16620333333334,106.38464,105.90756833333332,106.57401333333335,104.26083,105.35600666666666,105.78529333333333,106.74532,49.683038333333336,47.42722166666667,47.73748333333334,47.390650000000015,46.65674166666666,46.92254666666666,45.563869999999994,47.52982,46.561655,45.858086666666665,47.08734833333334,43.81129166666667,50.187691666666666,51.00341666666666,47.33671666666667,48.585301666666666,49.17734333333333,46.92966833333333,48.16268333333334,46.259371666666674,,,,
106.12481666666667,105.06990333333333,103.68397,105.45995333333332,104.41645333333332,103.40074666666666,103.86503999999998,102.59071833333334,104.81304166666668,103.67424666666668,103.05921000000001,99.45548166666667,106.11975833333332,107.12188333333333,104.08520666666666,106.19440333333331,103.83933499999998,104.90298666666666,104.59006833333335,105.12554166666668,102.87625833333333,104.13270166666668,104.36343999999998,105.16012333333335,77.00649166666666,45.14342166666666,45.818380000000005,45.43460333333333,44.43041833333333,44.801790000000004,43.24235666666666,45.66449833333332,44.48069499999999,43.63868833333334,44.533756666666676,40.78223166666667,48.19408666666667,49.08047,45.234698333333334,46.51102666666666,47.27199333333335,44.755961666666664,45.907070000000004,44.14828666666667,45.660781666666665,7.597311666666666,44.354096666666656,44.90773666666667,106.35836833333332,105.15456999999999,103.95042833333333,105.63715666666667,104.56673666666669,103.55688166666668,104.10439,102.84031166666668,104.87096,103.78192166666668,103.33609166666668,99.15538,106.25491833333334,107.46287,104.31965500000001,106.15804,103.85773,105.07472666666668,104.85823999999998,105.34145333333335,102.83480499999997,104.09603999999999,104.36272333333335,105.61641166666668,47.68499833333332,45.09344999999999,45.812105,45.43150166666667,44.427185,44.796871666666675,43.244645,45.66070500000001,44.47926833333333,43.627215,44.374055,40.76942999999999,48.19917,49.10243666666667,45.27772833333333,46.270598333333325,47.25927166666667,44.826764999999995,45.90044666666668,44.356910000000006,45.56668833333334,,,
108.00218666666665,106.59346833333333,105.26951166666667,106.84318,105.860925,104.7689283333333,105.26521499999998,104.14494333333333,106.18957,105.25700666666667,104.66790833333333,100.69634999999998,107.64327499999999,108.492465,105.44992999999998,107.29007666666666,105.40715,106.40572166666666,106.07221999999999,106.66578999999997,104.21386833333332,105.55112333333335,105.58262666666667,106.54299166666667,49.102403333333335,46.42717333333333,47.203485,46.58763666666666,45.77734000000001,46.03183000000001,44.65911333333334,47.126871666666666,45.80477833333334,45.067400000000006,45.90665166666666,42.111203333333336,49.31991666666667,50.22174333333333,46.97111666666667,47.67043000000001,48.46950833333332,45.95465833333333,46.63322166666666,45.403238333333334,46.77117166666667,44.788115000000005,7.540120000000002,46.00982333333334,107.96073,106.65888666666667,105.20015166666666,107.06258666666666,105.82520000000001,104.73644833333333,105.38250333333333,104.17698666666666,106.198465,105.26064333333333,104.67852666666667,101.05356,107.47850666666666,108.37155833333334,105.57469666666668,107.38083333333333,108.621035,108.80277333333333,108.20176499999998,108.82172666666668,105.21985333333333,105.40255499999999,105.77196500000001,107.12264333333334,49.104343333333325,46.50760500000001,47.193595,46.57734166666666,45.76956166666666,46.02585166666666,44.664384999999996,47.11974833333332,46.205373333333334,45.09155833333334,46.95553666666666,41.66359333333333,49.28753999999999,50.18025666666667,46.17387333333334,47.59755666666667,48.351238333333335,45.87330166666667,46.613801666666674,45.31835000000001,46.698546666666665,44.68349833333333,,
107.38477833333334,106.10369166666668,104.40025166666668,106.52028000000001,105.13254166666664,104.05634833333333,104.66913166666666,103.35099333333332,105.51497833333333,104.41521833333333,103.83622666666665,99.64321333333332,106.6986,107.82090833333335,104.89773999999998,106.66158999999999,104.67442499999999,105.754115,105.37540000000003,106.03363000000002,103.05678333333334,104.80532333333333,105.27492999999998,105.74311000000002,49.03361833333333,48.02966,47.07532166666667,46.70991499999998,46.186168333333335,46.61504666666666,45.18445,47.23851499999999,46.016378333333336,45.28359833333332,45.39910166666666,41.79329666666666,49.381641666666674,50.36555166666669,46.797261666666664,47.919686666666664,49.23409666666667,46.4932,47.523,45.732103333333335,46.95695166666666,45.17277833333333,46.29138833333333,7.602781666666666,106.84330666666665,106.01703833333336,104.395855,106.31155166666666,105.14114333333333,104.08305666666668,104.55103833333334,103.42635666666666,105.50531666666666,104.66534333333333,103.70900499999999,99.68771833333334,106.74612166666665,107.84323833333333,104.87366666666668,106.69313333333334,104.66958833333332,105.78320000000001,105.44919833333333,105.96871166666665,103.62103499999998,104.84560166666667,105.17094166666666,105.90385333333333,47.824415,48.25148666666667,46.972519999999996,46.77419166666668,46.199081666666665,46.690468333333335,45.171515,47.085563333333326,46.05917,45.281055,45.2192,41.81800000000001,49.335276666666665,50.29696,46.78079333333333,47.86072000000001,48.674943333333346,46.439310000000006,47.53999166666666,45.72718833333334,46.93005333333333,44.74226,45.934973333333346,
