,,,,,,,,,,,,,,,,,,,,,,,,,,,,,,,,,,,,,,,,,,,,,,,,,,,,,,,,,,,,,,,,,,,,,,,,,,,,,,,
86.30838633333333,,,,,,,,,,,,,,,,,,,,,,,,,,,,,,,,,,,,,,,,,,,,,,,,,,,,,,,,,,,,,,,,,,,,,,,,,,,,,,,
158.69982566666667,158.36361133333338,,,,,,,,,,,,,,,,,,,,,,,,,,,,,,,,,,,,,,,,,,,,,,,,,,,,,,,,,,,,,,,,,,,,,,,,,,,,,,
159.16181333333333,158.31793066666668,81.02198400000002,,,,,,,,,,,,,,,,,,,,,,,,,,,,,,,,,,,,,,,,,,,,,,,,,,,,,,,,,,,,,,,,,,,,,,,,,,,,,
173.32924133333333,172.39837200000005,165.47628466666666,165.56951166666667,,,,,,,,,,,,,,,,,,,,,,,,,,,,,,,,,,,,,,,,,,,,,,,,,,,,,,,,,,,,,,,,,,,,,,,,,,,,
173.29800066666667,172.46401166666666,165.61753799999997,165.6214313333333,89.4684486666667,,,,,,,,,,,,,,,,,,,,,,,,,,,,,,,,,,,,,,,,,,,,,,,,,,,,,,,,,,,,,,,,,,,,,,,,,,,
166.08647266666668,165.42876399999997,158.34103666666664,158.19120933333332,172.51715799999997,172.36197066666665,,,,,,,,,,,,,,,,,,,,,,,,,,,,,,,,,,,,,,,,,,,,,,,,,,,,,,,,,,,,,,,,,,,,,,,,,,
173.041106,165.51419066666668,158.6692636666667,158.19578233333337,172.34833033333334,172.510957,85.78442400000003,,,,,,,,,,,,,,,,,,,,,,,,,,,,,,,,,,,,,,,,,,,,,,,,,,,,,,,,,,,,,,,,,,,,,,,,,
175.3280453333333,174.73148366666672,167.72382266666673,168.121864,181.74786366666666,181.888584,175.00681700000004,174.83041633333337,,,,,,,,,,,,,,,,,,,,,,,,,,,,,,,,,,,,,,,,,,,,,,,,,,,,,,,,,,,,,,,,,,,,,,,,
176.635555,195.47115666666667,168.59025166666663,168.60537133333332,181.89053,182.145144,174.95381633333335,175.07051000000004,90.73850433333332,,,,,,,,,,,,,,,,,,,,,,,,,,,,,,,,,,,,,,,,,,,,,,,,,,,,,,,,,,,,,,,,,,,,,,,
150.45769166666665,148.94963366666664,142.0508,142.2161603333333,156.51354866666665,156.42037500000004,167.8490746666667,168.00036833333334,178.49237233333332,179.28493466666666,,,,,,,,,,,,,,,,,,,,,,,,,,,,,,,,,,,,,,,,,,,,,,,,,,,,,,,,,,,,,,,,,,,,,,
150.422877,148.87173933333332,142.02375933333335,142.33678699999996,156.621775,156.71537500000002,167.25079233333335,166.93267133333336,179.405494,179.54164100000003,84.087084,,,,,,,,,,,,,,,,,,,,,,,,,,,,,,,,,,,,,,,,,,,,,,,,,,,,,,,,,,,,,,,,,,,,,
182.81549033333334,181.994688,175.0951743333333,174.977507,188.60907999999995,188.66033366666667,204.46969933333332,205.18783433333334,215.34651733333328,214.914849,187.04954166666664,186.4414733333333,,,,,,,,,,,,,,,,,,,,,,,,,,,,,,,,,,,,,,,,,,,,,,,,,,,,,,,,,,,,,,,,,,,,
183.09947666666667,181.96609999999995,175.04234633333334,174.93843933333338,188.47305166666666,188.53806533333335,203.6163886666667,203.6651883333333,213.85912466666667,213.22272266666667,185.50478933333332,185.94693733333335,107.78911133333332,,,,,,,,,,,,,,,,,,,,,,,,,,,,,,,,,,,,,,,,,,,,,,,,,,,,,,,,,,,,,,,,,,,
157.500708,156.06651700000003,148.7978963333333,148.750496,163.37776466666662,163.1721643333333,155.9569433333333,156.02355666666668,165.92113166666667,166.78424099999998,151.72479766666666,140.23983066666665,172.87703133333335,173.21636533333336,,,,,,,,,,,,,,,,,,,,,,,,,,,,,,,,,,,,,,,,,,,,,,,,,,,,,,,,,,,,,,,,,,
156.64494466666665,156.03876966666667,166.975641,167.4233756666667,183.1652073333333,184.09034299999996,175.355011,175.15391733333334,186.48274966666668,187.02320466666666,157.810614,157.14811833333334,195.1454543333333,195.10426766666663,89.724738,,,,,,,,,,,,,,,,,,,,,,,,,,,,,,,,,,,,,,,,,,,,,,,,,,,,,,,,,,,,,,,,,
159.79244599999998,158.41452133333334,151.47398199999998,151.16235433333335,165.5803153333333,165.92926333333335,176.52406666666667,178.86698,188.86184866666665,188.37131366666665,160.02835266666668,159.45156400000002,196.64967066666665,196.2275893333333,167.70576066666666,166.666251,,,,,,,,,,,,,,,,,,,,,,,,,,,,,,,,,,,,,,,,,,,,,,,,,,,,,,,,,,,,,,,,
159.49180333333334,158.43362733333336,151.15807299999997,151.21598,183.93119366666667,185.59369166666667,177.45536133333334,178.24887033333334,188.17453866666665,188.59851300000003,160.02645766666672,159.97789799999998,195.97029333333333,197.4053243333333,167.40673200000003,167.92209333333335,91.1863806666667,,,,,,,,,,,,,,,,,,,,,,,,,,,,,,,,,,,,,,,,,,,,,,,,,,,,,,,,,,,,,,,
152.269182,151.34399233333335,144.45369266666665,144.26630566666665,158.58441266666662,158.80312,169.84172499999997,169.7115243333333,181.73930566666667,181.634585,153.346931,153.10748999999998,189.23223300000004,189.29700666666668,160.21893699999998,160.59272466666664,162.396103,163.33049233333332,,,,,,,,,,,,,,,,,,,,,,,,,,,,,,,,,,,,,,,,,,,,,,,,,,,,,,,,,,,,,,
152.39135399999998,151.38179133333333,144.48031766666665,144.44654500000001,158.80962566666668,178.45066833333334,170.41041866666663,170.892593,180.43498033333336,180.56844733333335,152.08889933333336,152.60627399999998,189.37589866666667,189.36076533333332,159.08274566666663,159.39950633333333,161.51027233333332,161.44399233333334,84.97924166666667,,,,,,,,,,,,,,,,,,,,,,,,,,,,,,,,,,,,,,,,,,,,,,,,,,,,,,,,,,,,,
181.35479533333336,179.53696333333332,172.5714236666667,172.6718903333333,186.51212966666668,186.86509033333334,201.577225,202.01793333333336,211.063319,211.73877399999998,182.839092,183.5069203333333,218.95336733333335,220.22597066666668,191.54544966666668,191.69025000000002,193.24929400000002,194.3649773333333,186.79735566666668,187.221877,,,,,,,,,,,,,,,,,,,,,,,,,,,,,,,,,,,,,,,,,,,,,,,,,,,,,,,,,,,,
180.511618,179.46282800000003,172.6887956666667,172.85871599999996,186.12307366666664,186.40004733333336,179.78001533333332,179.60550800000001,188.934654,210.94106299999996,184.122054,184.31105399999998,220.61845000000002,220.504263,191.83008833333332,192.04283566666666,194.4219886666667,193.36934566666667,185.79935133333333,186.17852533333334,104.78797566666667,,,,,,,,,,,,,,,,,,,,,,,,,,,,,,,,,,,,,,,,,,,,,,,,,,,,,,,,,,,
173.3118223333333,172.45463300000003,165.41073333333333,165.56957366666666,179.40886600000005,179.40961233333334,192.84816999999998,193.75218633333333,204.46382933333334,203.43658633333334,175.6867483333333,175.79700166666663,211.37707533333332,211.380515,183.04388833333337,182.55350033333335,185.6863623333333,185.85638966666667,178.5023556666667,178.32470166666667,209.50428233333338,208.39525233333336,,,,,,,,,,,,,,,,,,,,,,,,,,,,,,,,,,,,,,,,,,,,,,,,,,,,,,,,,,
173.43154066666668,186.1884433333333,186.34063,185.55122799999998,201.6588333333333,201.522806,194.272839,193.934438,204.00297266666666,204.33021366666665,175.30727866666666,175.461399,212.89321066666665,212.13243500000002,183.4181936666667,163.701979,165.6199043333333,184.3171833333333,177.670258,178.26973966666668,210.14298866666672,209.294106,100.13857366666666,,,,,,,,,,,,,,,,,,,,,,,,,,,,,,,,,,,,,,,,,,,,,,,,,,,,,,,,,
168.66103233333334,167.90529666666666,160.74510299999997,160.65030300000004,195.89944166666666,196.299336,188.5470876666667,188.18471333333338,199.00855666666666,198.65319533333331,169.59551400000004,168.91608566666665,206.55948433333336,206.90625799999998,177.402656,178.255831,180.15440933333335,180.06419633333334,172.13252066666666,172.8731226666667,203.64646133333335,204.985599,195.07726399999999,195.65431933333335,,,,,,,,,,,,,,,,,,,,,,,,,,,,,,,,,,,,,,,,,,,,,,,,,,,,,,,,
168.799871,167.91149500000003,179.93342199999998,179.944995,196.22461366666667,196.433587,189.00420633333334,187.56966933333334,199.31079533333332,198.54594,169.35041833333335,169.99268633333332,206.9026563333333,207.17877599999997,184.80575433333334,178.69599033333333,183.50615066666666,181.54071866666666,172.99740133333333,172.680627,204.09106100000002,204.5899023333333,196.48994633333336,195.47450333333333,97.64264466666667,,,,,,,,,,,,,,,,,,,,,,,,,,,,,,,,,,,,,,,,,,,,,,,,,,,,,,,
154.33909566666668,159.82076433333333,152.38165033333337,152.03960866666665,167.75709266666664,167.53309199999998,159.73672366666665,160.15023100000002,170.115419,172.39322499999997,142.98899666666668,143.23575766666664,178.586922,178.97302966666666,149.92665566666668,150.43691066666668,152.47778300000002,152.75149033333335,145.028349,144.462814,175.99040766666673,175.49080633333332,168.11181233333335,168.45395999999997,163.00749166666668,162.9530246666667,,,,,,,,,,,,,,,,,,,,,,,,,,,,,,,,,,,,,,,,,,,,,,,,,,,,,,
144.08159899999998,143.30254366666668,142.56822133333333,139.39067933333334,168.67312033333334,168.07266499999997,159.92184233333336,160.001403,171.38970100000006,171.95967599999997,143.69693033333334,143.82362466666666,180.52139266666666,179.508323,150.99168433333335,150.16052166666663,153.07721000000004,153.14631633333332,145.65552266666666,145.96589666666665,177.79101133333336,177.33389000000003,168.490972,167.856437,163.00575700000002,163.04002333333335,78.95809799999999,,,,,,,,,,,,,,,,,,,,,,,,,,,,,,,,,,,,,,,,,,,,,,,,,,,,,
190.00927100000004,208.6625226666667,204.09925666666666,204.15791000000002,218.7576433333333,218.5675496666667,210.1477393333333,210.36396666666664,221.10615633333336,220.849542,193.04427866666668,193.77938733333335,229.00859066666666,229.1362446666667,201.63956866666666,201.60207500000004,203.9624546666667,204.577563,196.9845956666667,196.3170736666667,226.32466266666665,226.1517286666666,219.68059100000002,219.44517666666667,214.36088266666667,215.127378,185.83064399999998,185.87476400000003,,,,,,,,,,,,,,,,,,,,,,,,,,,,,,,,,,,,,,,,,,,,,,,,,,,,
190.12765600000003,188.979159,182.40995433333333,182.24716666666671,195.86439133333334,195.84111099999998,188.76227833333334,189.06902566666665,198.25685066666668,198.76946566666666,173.3202753333333,172.97191466666672,205.34280333333334,205.24598966666667,179.91085333333334,179.846773,182.22093966666662,182.14889933333333,196.41768499999998,196.69007233333332,227.26122266666667,227.25575566666666,218.43637166666664,218.9411726666667,212.84791600000003,214.08207933333333,185.861855,185.85061533333334,111.05469066666664,,,,,,,,,,,,,,,,,,,,,,,,,,,,,,,,,,,,,,,,,,,,,,,,,,,
164.00372866666666,163.15213966666664,155.97425333333337,156.07450666666665,170.54938600000003,170.36325266666665,183.27810099999996,183.39686133333333,194.417185,194.5622916666667,164.94341066666667,164.8806506666667,202.156619,202.23469899999995,173.16168633333334,172.32456366666668,175.93948066666667,175.2307053333333,167.07534933333335,166.62448166666664,198.972636,198.25336766666666,191.487882,190.7318,186.730296,187.0097633333333,158.32804500000003,158.80064633333333,210.0306926666667,210.544587,,,,,,,,,,,,,,,,,,,,,,,,,,,,,,,,,,,,,,,,,,,,,,,,,,
164.82208933333337,182.42015,175.20107733333333,175.240731,191.696602,191.74193566666668,182.76983100000004,182.30545600000002,193.4308333333333,191.905016,163.08108400000003,163.72565899999998,200.85718633333332,201.0035866666667,170.91901133333332,170.74318433333335,174.16080700000003,172.22509499999998,166.29858566666664,165.85943766666668,198.57122000000004,198.182552,191.3383603333333,190.33510366666664,185.29765,185.18828999999997,158.17301633333335,158.54683033333333,209.05992733333335,209.334235,95.51895266666666,,,,,,,,,,,,,,,,,,,,,,,,,,,,,,,,,,,,,,,,,,,,,,,,,
181.55606566666665,184.16422,178.21896333333333,178.05158966666667,193.925486,194.39060733333335,186.468199,186.21043833333331,196.15658533333334,196.2239853333333,167.26725333333337,167.536134,182.39961399999999,182.32540100000003,155.93730233333332,156.080743,158.89569733333332,158.53642933333336,151.39543699999996,151.77723766666665,179.90458066666667,179.9404473333333,172.66288066666667,172.75446766666664,187.59858733333334,188.35806966666667,160.15056666666666,159.80027233333334,212.76172233333332,211.89316000000002,182.6098,182.63033366666664,,,,,,,,,,,,,,,,,,,,,,,,,,,,,,,,,,,,,,,,,,,,,,,,
166.15399600000003,165.40534066666666,158.4071746666667,158.5769086666667,172.70658699999998,172.59726633333332,165.411127,165.42962033333333,178.16725466666665,196.12620966666665,166.23386233333335,166.8402906666667,203.77861699999997,203.06784133333332,175.74767466666668,175.57694066666667,178.00645366666666,177.64322600000006,170.07647233333336,169.66551133333337,201.19120933333332,201.07792900000004,193.5498683333333,194.37165766666666,187.98593333333332,188.155694,161.34227499999997,161.9526496666667,212.984894,212.8151866666667,183.31436033333333,183.88220199999998,96.86982099999999,,,,,,,,,,,,,,,,,,,,,,,,,,,,,,,,,,,,,,,,,,,,,,,
159.522723,158.71082733333333,151.51916799999998,151.94766233333334,166.35095433333333,165.98114033333334,172.25703666666666,178.851868,189.45340300000004,189.12714899999997,160.4200716666667,159.05065466666667,196.609769,196.78184933333335,167.1785026666667,166.94470233333337,169.4899756666667,168.78749366666668,161.50119399999997,162.039329,193.94342766666665,193.63306699999998,186.268127,185.84439266666664,180.373698,180.15615033333333,152.87543733333334,152.1983953333333,204.57202900000001,204.226148,175.00065633333335,174.712749,177.140302,177.86270366666668,,,,,,,,,,,,,,,,,,,,,,,,,,,,,,,,,,,,,,,,,,,,,,
171.06563233333333,158.35798433333335,167.74091599999997,169.54086833333335,185.84129833333333,186.005872,178.10363733333335,177.509876,188.039704,188.57675866666665,160.3116163333333,160.21481566666665,196.62154,196.78720700000005,167.67090199999998,167.07474066666666,170.2166426666667,170.50364333333332,162.2918213333334,162.59759533333332,194.90652166666666,194.6214673333333,185.93544433333332,186.6822196666666,180.85027066666666,180.89263066666672,152.962076,152.887249,204.97688166666666,205.66725599999998,174.59946633333328,175.20837533333332,176.9718063333333,177.953622,90.81522933333332,,,,,,,,,,,,,,,,,,,,,,,,,,,,,,,,,,,,,,,,,,,,,
175.96952366666667,175.03840099999996,168.13191566666669,168.00207533333335,181.77349866666663,181.961326,174.83944033333336,175.08909399999996,184.15051866666664,184.09953133333337,158.95935766666668,159.037611,191.26126999999997,190.91810966666668,165.809949,165.56421433333333,168.0608083333333,187.85776766666666,180.786629,181.37236366666667,213.02166100000002,212.35851300000002,204.23089133333335,203.916597,198.71052966666664,199.308811,170.75418833333333,171.11772266666668,222.7451933333334,222.90367399999994,193.8434763333333,193.42659499999993,196.39680266666664,197.005631,188.75812900000003,187.93519366666666,,,,,,,,,,,,,,,,,,,,,,,,,,,,,,,,,,,,,,,,,,,,
175.43966666666668,174.981292,168.01539366666665,167.9520866666667,181.85019033333336,204.04006266666667,196.0572416666666,196.44120200000003,205.9252543333333,206.36790866666664,178.58604799999998,178.6674616666667,214.57335666666665,213.66618133333333,185.61796,185.34637266666667,188.18431333333336,188.488154,181.10129366666666,180.9268403333333,212.960312,212.82296499999998,203.95008800000002,204.08770166666665,199.07186166666668,198.8029006666667,170.82854633333335,170.159785,222.044629,222.76952433333338,193.59739366666668,193.30109933333333,196.91518866666664,196.108533,188.84660733333337,188.40097933333334,102.420218,,,,,,,,,,,,,,,,,,,,,,,,,,,,,,,,,,,,,,,,,,,
149.925264,149.07402199999999,142.5541113333333,142.48345766666668,156.66192166666664,156.675855,149.3247023333334,149.30814199999995,159.2353413333333,159.01171433333337,133.74840766666665,133.73223433333334,166.81542833333336,166.62806733333335,140.05026400000003,139.99515666666667,142.43011033333332,142.33332366666673,135.67555899999996,136.47922766666667,164.11030066666666,164.34286099999997,156.45752066666665,156.54001399999999,151.49546733333332,151.570641,142.84665799999996,143.19237866666666,195.03559566666667,194.7734483333333,164.14492733333333,164.01649999999998,167.62821633333337,167.17506833333337,158.9332333333333,159.621835,178.2230176666667,178.3699913333333,,,,,,,,,,,,,,,,,,,,,,,,,,,,,,,,,,,,,,,,,,
164.20191366666668,167.55226933333333,159.95568866666665,159.5560076666667,175.53230333333335,175.66191700000002,167.50256233333332,167.297215,179.4222466666667,179.42734000000002,151.3211726666667,149.93590233333333,187.0901736666666,187.37860099999997,157.46154833333333,157.42042866666665,160.51716999999996,160.60765,153.03689699999998,153.54475166666666,184.8097673333333,184.8913803333333,176.09167733333334,176.21001066666668,170.73019666666667,170.2001813333333,143.265591,143.50452466666664,196.02450300000004,196.20335699999998,165.56362300000004,165.74086333333332,167.4494943333333,168.2403096666667,160.00831466666668,160.79225,179.01157800000001,178.50465633333334,83.99651433333334,,,,,,,,,,,,,,,,,,,,,,,,,,,,,,,,,,,,,,,,,
166.213931,165.41515500000003,158.19066933333332,177.81880133333334,194.11675066666663,193.23262833333328,186.24006300000002,185.6501816666667,195.86832799999993,196.51966333333334,167.753054,167.14734633333336,204.18296300000003,204.44803066666668,175.08832700000002,175.01793999999998,177.25046566666666,178.196468,170.216714,170.47110133333337,201.886397,201.9762906666667,193.64441533333334,194.37795033333333,188.498655,188.99438966666665,160.82868900000003,160.727462,212.22693033333334,212.93759900000003,183.767509,183.12480033333333,186.28383566666665,186.32542233333334,178.02821366666666,178.25906766666668,196.60915533333332,196.24938100000003,167.52861266666667,168.05526733333335,,,,,,,,,,,,,,,,,,,,,,,,,,,,,,,,,,,,,,,,
166.51014233333333,165.56244733333332,176.344929,177.77270600000003,194.56722966666666,193.97993499999998,185.95782066666663,186.23032800000004,196.518755,196.76190200000002,168.007,167.14371766666665,204.327335,203.628213,175.63560666666663,174.89405799999997,177.78890533333333,177.98938566666666,170.14136533333334,169.59073700000002,202.36632966666664,201.737128,193.4550393333333,193.96698733333335,188.61455999999998,188.53074633333333,160.45441966666667,160.29312566666667,212.75799633333338,212.46002233333334,183.30915933333335,183.61981333333335,185.78069866666664,186.03563266666663,177.941745,177.78138466666664,196.82191366666663,196.76964766666663,167.45789099999996,167.5773176666667,96.98794666666667,,,,,,,,,,,,,,,,,,,,,,,,,,,,,,,,,,,,,,,
159.7224436666667,158.34524,151.17678133333334,151.002701,165.65111233333334,165.69737866666665,158.41178666666661,158.337133,168.07850533333334,168.1221056666667,159.6496166666667,160.343725,197.27130133333338,197.09268766666662,167.46898333333337,166.93796866666665,170.00482966666667,170.22600366666668,162.13472966666666,161.96099566666666,194.0318793333333,193.44323766666665,185.53516366666665,185.45245666666668,179.71658833333333,180.63411066666666,152.83343833333336,152.10728966666667,204.71673333333334,204.97782733333332,175.05134933333332,175.25777633333337,177.66670233333332,178.43294466666663,170.49532333333335,169.72558866666665,189.06958533333335,188.006996,160.96689866666665,160.49179099999998,178.07570366666667,178.05459700000003,,,,,,,,,,,,,,,,,,,,,,,,,,,,,,,,,,,,,,
159.03164033333334,158.32066533333332,151.28536699999998,151.53228766666663,166.07540533333335,166.1626453333333,158.81937299999998,158.44623833333333,168.47277100000005,168.39834466666667,142.370077,142.29849,175.34264233333332,196.529471,167.69376933333336,167.33736833333333,169.57930766666666,170.24605566666668,162.23535500000003,162.23524833333332,194.25355800000003,194.778626,186.39444400000002,186.67977799999997,181.26901733333332,181.584965,152.279569,153.069944,205.24707966666665,205.21079966666665,175.81884333333335,175.1891613333333,177.811875,177.95534166666667,169.68702700000003,169.944481,188.9107703333333,187.5694466666667,159.89946833333332,159.2866796666667,178.30732900000004,178.15559533333337,91.78758466666667,,,,,,,,,,,,,,,,,,,,,,,,,,,,,,,,,,,,,
173.24911600000001,172.39767399999997,165.67580266666667,165.67474933333332,179.6169723333333,179.42915866666664,172.40396699999997,173.04018166666665,181.82801800000001,181.8809646666666,156.58780566666667,156.343605,189.02878333333334,212.13520266666663,183.78339599999998,183.70420933333332,184.88211866666666,186.3603623333333,178.4515686666667,178.08380799999998,209.97326366666667,209.88576966666668,202.29603,202.09680300000002,196.71184233333335,197.29951066666666,168.84162366666666,168.3844623333333,218.55072566666664,219.232447,190.94189400000002,190.980574,193.35931366666668,193.18912633333332,185.34373266666668,185.952654,203.24680533333336,203.9765273333333,174.46858433333333,174.340224,193.063219,192.37159033333333,185.120225,184.81455766666667,,,,,,,,,,,,,,,,,,,,,,,,,,,,,,,,,,,,
173.24999433333335,172.22777799999997,165.55478766666667,185.2903986666667,200.55990466666665,199.41372866666669,192.70835100000002,192.53783033333332,203.50023233333334,203.354925,174.8553713333333,175.27510566666666,211.83609333333328,211.741813,183.48994000000002,183.42841966666668,187.3684033333333,186.63492166666666,178.1994863333334,178.46570033333336,209.85510133333335,209.75555400000002,200.96750500000002,201.52123966666667,195.98121200000003,196.112559,169.05818266666665,169.03060933333333,219.3558056666667,220.4441413333334,192.050188,191.48021333333332,193.84669933333333,194.1405003333334,186.56122733333333,185.7844253333333,205.08927500000001,204.83307399999998,176.51450799999995,175.75275933333336,194.50034033333333,194.18723300000002,186.04533266666667,185.4261173333333,100.60544533333332,,,,,,,,,,,,,,,,,,,,,,,,,,,,,,,,,,,
181.35058700000002,185.35357066666666,177.66721733333335,177.76272433333332,193.10468366666672,192.70685533333332,185.63905100000002,185.2547966666667,196.0170776666667,196.26910499999997,167.86487166666666,167.5093643333333,204.396979,204.24309866666667,175.07255666666666,175.27355699999998,177.54461666666666,178.096191,170.48502499999998,169.58150266666664,201.7480653333333,201.05716999999999,193.67417766666662,193.68524433333334,188.6217913333333,189.33367299999998,162.03834966666668,161.72429533333334,213.51240166666668,212.85537333333332,182.805509,183.4793913333333,186.24829166666666,186.3959053333333,178.49157833333334,177.82689633333334,197.08033266666666,196.37363733333333,167.58801633333337,167.62115033333333,185.96047699999997,185.94310400000003,178.888019,178.09711033333332,193.65263,193.97667099999998,,,,,,,,,,,,,,,,,,,,,,,,,,,,,,,,,,
166.12205233333333,165.69681166666666,158.19359233333333,158.222899,172.67082933333336,172.69030933333335,165.34433033333332,165.31963733333333,174.34340700000004,174.98674200000005,154.0851816666667,166.7244936666667,203.7659753333334,204.7522173333333,174.82006133333337,174.23072633333337,177.8056816666667,177.19238733333333,169.880635,169.685408,201.91053033333333,201.024195,192.6829203333333,193.274975,188.3073753333333,188.87416366666667,160.918012,160.06584999999998,212.32954366666667,212.95679866666663,182.9091483333333,183.06881499999997,185.8339956666667,186.56915733333335,178.761631,178.191296,196.25708866666665,197.24186433333333,168.07209633333335,167.09196066666664,185.87806200000003,186.09903600000004,177.64666766666667,177.20418599999996,193.91833566666668,194.50529733333332,96.90678099999998,,,,,,,,,,,,,,,,,,,,,,,,,,,,,,,,,
175.845156,174.90042033333333,169.88852766666665,188.2868813333333,204.1047616666667,204.523056,196.62146266666667,194.41548333333336,206.00264633333333,205.84059266666665,177.025439,177.944308,212.91901033333332,213.97041333333337,184.79841866666666,185.8953546666667,187.57469233333333,188.02533366666668,180.5467276666667,180.07979299999997,212.71724966666665,211.59004699999994,204.3673483333333,204.38664166666663,197.647918,199.319882,171.470824,170.79138233333336,221.9200726666666,222.00608633333331,193.463027,193.57252033333336,196.69356833333333,196.01772666666668,188.2341066666667,188.79560166666667,206.70244733333337,206.7021803333333,179.35147066666667,179.27844333333334,196.559848,196.42391399999997,188.94117466666663,188.846308,203.25790466666666,203.68283900000003,196.23200666666668,197.2106223333333,,,,,,,,,,,,,,,,,,,,,,,,,,,,,,,,
193.55516,174.94065899999998,167.70388066666672,187.48885066666665,204.2524003333333,203.70894533333333,195.66165833333338,194.9091896666667,205.37938966666664,206.76903333333337,176.88537033333333,177.152944,213.9733313333334,212.56298099999998,184.594883,185.23643133333334,186.51759466666667,186.5377146666667,181.31660800000003,180.71667333333335,211.1688703333333,211.9282323333333,203.86221199999997,204.24978599999997,198.7139453333333,198.63562533333334,171.47028933333334,170.77879433333334,222.73699299999998,222.85891333333328,193.96712,194.23212066666667,197.50830200000001,197.00170066666666,189.54950799999997,189.09528066666667,207.935248,207.2831936666667,178.88957466666668,179.60137633333335,197.10531366666666,197.20678100000003,189.58268133333334,189.79438866666672,204.30083900000002,205.140961,197.19618066666663,196.99687333333335,102.81408733333333,,,,,,,,,,,,,,,,,,,,,,,,,,,,,,,
150.538489,151.0822236666667,151.34687766666667,142.28817433333333,156.64290433333332,156.81594466666664,149.48064633333334,149.37397933333335,159.34739099999993,159.37060433333335,133.79916633333335,134.32034066666668,166.55446266666667,166.612596,139.97512833333334,140.19272899999999,142.040027,142.12122733333334,135.78959766666668,135.774651,163.86909566666665,163.919109,156.837971,156.43370333333334,151.62907799999996,151.4078906666667,127.22917599999998,127.35056300000001,173.90388099999998,173.84833400000002,146.638625,146.64305166666668,149.1365513333333,149.64697933333338,154.76095233333336,142.73816166666666,159.07336333333333,159.06516299999996,133.61424533333334,133.52095166666666,149.05857766666665,148.88297733333334,142.28654699999998,142.18362666666667,156.71398366666665,175.47708466666666,168.38115999999997,167.73725133333335,179.15974699999998,179.13290700000002,,,,,,,,,,,,,,,,,,,,,,,,,,,,,,
150.35234099999997,149.93424633333333,142.0547996666667,142.15199966666668,156.85723733333333,156.71543666666665,149.22101766666665,166.70712866666668,179.026613,179.70177500000003,150.82980833333335,151.00078200000004,187.54526133333334,186.5257786666667,157.09335766666666,158.15735999999998,159.76683066666666,160.22943233333334,152.84684000000004,152.88073333333332,184.15522600000003,184.17469266666666,176.30753933333332,176.22205899999997,169.93670966666664,170.48465766666666,143.12518866666667,143.18653566666669,195.7454416666667,195.00668000000002,165.70429866666663,165.79845900000004,168.20001166666668,167.77643733333332,160.256005,159.94203100000004,179.10967933333336,178.8044253333333,150.78063433333335,150.76110100000002,168.05731799999995,167.3262356666667,159.9719776666667,160.540939,176.70229966666665,175.8445243333333,167.99061100000003,167.89842399999998,179.30358633333333,179.4145333333333,84.81349433333332,,,,,,,,,,,,,,,,,,,,,,,,,,,,,
183.1252493333333,185.188081,175.65355033333338,196.7698966666666,212.7075236666667,213.04476433333332,204.75926366666673,204.75426366666667,215.52150399999996,216.72470633333333,187.47286,188.42663566666667,223.51612433333332,223.51472400000003,196.268935,194.4889706666667,197.65048533333334,197.49543166666672,190.027666,189.32039766666665,219.59367333333333,220.19554200000005,212.0631883333333,212.27412200000003,206.5348273333333,206.62470766666664,179.42563933333332,179.408146,229.0660443333333,230.93106233333336,202.52280366666668,201.7538816666667,204.37548866666666,204.85050266666664,197.2291636666667,196.78545566666668,215.923344,214.90187466666669,186.49927,186.9880043333333,204.54543533333333,204.34663499999996,197.318817,196.99978966666666,212.317508,212.6797223333333,204.9623563333333,205.06894233333333,215.65620966666665,215.52762266666667,187.4666853333333,188.02426,,,,,,,,,,,,,,,,,,,,,,,,,,,,
201.65325399999998,182.176098,174.94157366666667,175.03344033333332,188.8551286666667,188.85164866666665,181.99191133333335,182.0384576666667,191.152281,191.270788,186.2767486666667,187.71963233333332,223.42668200000006,222.64057333333335,199.220421,194.61978299999998,196.64398800000004,197.01405533333332,189.39671633333333,189.43864966666666,219.3456316666667,219.50216500000005,212.8421486666667,212.36776066666664,207.23932066666666,207.0195873333334,178.61160900000002,179.04350333333332,230.465046,229.91247100000004,201.6159733333333,201.85040033333334,204.15453899999997,204.438487,197.30688233333333,196.50884033333335,215.35143433333332,215.18992733333334,186.69905566666668,187.1594166666667,204.676034,204.51359366666665,197.05113500000002,197.46276266666666,212.17427933333332,212.65972033333335,204.713714,205.80901033333333,215.337847,214.94380633333333,187.02986933333332,187.49607033333334,107.16346900000002,,,,,,,,,,,,,,,,,,,,,,,,,,,
157.1030606666666,156.26661833333335,149.67384233333334,148.76051999999999,163.66738399999994,163.72353066666668,156.138565,156.17623199999997,165.84105599999998,166.17637666666667,140.556886,141.1457276666667,173.0965943333333,173.12584733333335,146.64023466666671,164.86740033333334,167.95208766666664,167.4155933333333,159.68094733333334,159.4245326666667,191.28951966666665,190.75489166666665,183.49032666666665,183.56028666666668,177.52497866666667,178.46935433333334,150.38672366666668,150.23907,202.99960199999998,203.32057633333332,172.86597966666668,172.98911333333334,175.9419743333333,175.67604033333333,168.4445423333333,168.01430100000002,186.50821399999998,186.8628416666667,158.56003733333336,157.85892900000002,175.9298273333333,175.19335900000002,167.72328700000003,167.11292533333332,184.002461,184.00055400000002,176.00013399999997,175.72752,186.82261433333335,186.76328099999998,157.922582,157.95258199999998,194.85914133333335,195.25819533333328,,,,,,,,,,,,,,,,,,,,,,,,,,
157.71582166666664,156.15072433333336,148.5333716666667,149.2697203333333,166.50147,184.43902166666663,176.008787,175.84032000000002,187.08288166666665,187.01601466666668,158.27238266666666,158.08271533333334,194.71436733333334,194.89192766666662,165.66849433333334,164.960906,167.73352600000004,167.208245,159.908933,160.27208100000001,191.89386666666667,192.1913473333333,184.02125933333335,183.53099233333333,178.40947266666666,179.21687466666668,151.04647099999997,151.22747166666667,203.25137466666663,202.6261066666667,172.63837833333335,172.688885,175.69337266666668,175.79875933333335,166.6092966666667,167.87245966666669,187.12726766666665,186.500626,158.117235,157.78718099999998,176.05143966666668,175.61714566666663,166.8256703333333,167.34179133333328,164.01428966666663,163.243208,156.06211000000002,156.11454966666665,168.56724733333334,165.7213606666667,140.80985866666663,140.15362999999996,173.203952,194.42272566666665,89.43815666666666,,,,,,,,,,,,,,,,,,,,,,,,,
160.53160100000002,158.95496966666667,151.63304533333334,151.46741833333334,165.81990699999994,165.86937433333335,158.56454266666665,167.057124,168.57147433333333,168.19469999999998,142.4619823333333,142.4210886666667,175.42135800000003,175.19734366666665,149.26026600000003,148.801945,151.37389733333336,150.88067,144.42764033333333,144.3579866666667,173.0214586666667,172.95175133333333,165.4874793333333,165.74524033333336,160.70518766666666,160.71986733333335,136.07787300000007,136.01539266666666,182.642789,183.12599,156.100189,156.0726556666667,158.25319466666662,158.24648800000003,152.216952,162.9108196666667,188.741764,188.6379103333333,160.37864,160.12593266666664,178.462605,178.53440533333335,170.53173166666667,169.86854333333332,186.47083800000001,186.47567833333335,178.72895200000002,178.43979133333335,189.224085,189.26907166666666,160.567067,159.98114533333336,197.85186633333336,197.69489266666668,167.91144500000001,167.75461799999997,,,,,,,,,,,,,,,,,,,,,,,,
159.68470433333337,158.35026099999996,151.1280166666667,151.54297766666667,165.854493,166.02881366666668,178.30161733333333,178.86697899999996,188.86172366666668,189.33376466666667,160.072119,167.13565599999998,197.457625,197.93198633333336,168.15875200000005,167.59967066666664,169.86095633333332,169.95327633333338,162.21085733333334,161.94215000000003,194.632911,194.45937733333332,186.6034776666667,186.81093166666665,181.20779766666664,180.92782366666668,153.85652966666666,155.506054,205.68804533333332,206.48979366666666,175.99042466666668,176.36271899999997,178.74553766666668,178.20483000000002,170.31254366666667,174.88999500000003,188.86247,188.9475766666667,160.0395846666667,160.73049333333336,178.822045,177.858909,170.54497066666667,170.616798,186.48583733333336,186.2067566666667,178.56309766666666,178.77459133333335,189.986046,189.67227166666666,160.48006566666663,160.32358533333334,197.49307766666664,200.999513,180.090994,168.40436533333335,91.43588066666668,,,,,,,,,,,,,,,,,,,,,,,
153.4432216666667,151.56166999999996,144.58107933333332,144.34533200000004,158.95204833333332,159.064302,151.51202999999998,151.48848300000003,161.48997466666668,181.14426333333333,152.8873,153.45208799999997,190.18928599999998,190.19037933333337,159.995904,159.84046400000005,162.17096299999997,161.723268,154.65559733333333,155.4679863333333,187.24267866666668,186.6005303333333,178.67060366666666,179.570246,172.76817533333335,173.04132300000003,145.73009533333334,149.12789033333334,197.5125033333333,198.58667966666667,167.99555033333334,167.647856,170.52658333333332,170.42672999999996,162.90367100000003,161.34429366666663,180.99087600000004,181.08880933333333,152.57787166666668,152.451885,169.97735533333332,170.1821953333333,161.74017466666663,161.63941466666668,178.45570966666668,178.928964,170.44906266666666,171.226785,182.392666,181.12930299999996,153.09196666666668,152.3945913333333,189.14348266666664,188.37537333333333,160.00189033333334,159.13730133333334,161.53082733333332,161.59826733333335,,,,,,,,,,,,,,,,,,,,,,
152.38951133333333,169.140393,163.22487133333337,162.34889599999997,178.42326933333334,177.9243613333333,169.775061,171.09470433333334,180.94462199999998,180.043353,152.86084566666665,152.63147166666664,189.58985633333336,189.36553599999996,159.86102300000005,158.57173966666664,162.54434966666665,162.87196366666666,155.53186566666665,153.75195433333337,186.61567533333331,185.21125899999996,178.56074933333332,178.63442933333332,173.43009633333332,172.91268200000002,146.01278833333333,145.93038800000005,197.28619533333332,196.96480766666664,167.897589,167.04504033333336,170.64496933333334,169.90370066666662,162.17998833333334,161.4663466666667,180.66587433333333,181.2449556666667,152.7085516666667,153.155246,170.30427533333335,169.66592666666668,163.04437699999997,161.91025433333334,178.56450866666663,178.723269,169.97564766666667,151.5909486666667,180.91663466666665,181.843517,152.43192399999998,153.15968566666666,189.88393666666667,189.65838933333336,159.96867600000002,160.34145,161.79674733333334,162.016481,85.70871866666667,,,,,,,,,,,,,,,,,,,,,
180.579327,179.80108466666667,172.763614,172.82304100000002,186.31095466666667,186.3450343333333,201.28475133333328,202.2932606666667,212.07492466666665,211.97859100000002,183.49329433333335,182.99467933333338,219.43391633333337,220.1582646666667,191.6312606666667,190.51372433333333,193.76713233333334,194.18121366666665,185.5576456666667,185.251205,217.00234966666667,217.36679099999998,209.24643733333335,209.75639866666666,204.45662566666667,204.18773133333332,176.62973,176.82705066666668,227.33641533333332,227.90740366666665,199.724654,199.01025199999995,202.18059300000002,202.2669933333333,193.89499933333335,192.048635,212.5130453333333,211.62827000000001,183.98029400000004,183.87749433333332,202.49595399999998,201.87429900000004,193.46650500000004,194.13339966666663,209.86933199999999,210.4941466666667,202.27277966666668,202.10847266666667,212.49489833333334,212.86029866666664,184.18157466666665,184.4782823333334,220.32958433333334,220.47003800000005,194.04825233333338,191.385913,193.56219800000002,193.52449133333332,185.77883200000002,186.0966996666667,,,,,,,,,,,,,,,,,,,,
181.16258066666663,179.53616333333335,172.84606666666667,172.70277299999998,208.8473156666667,208.007687,201.13652333333337,201.82668466666664,212.38232433333334,211.1706943333333,184.1580143333333,184.29512166666666,220.14231666666663,220.40658366666665,190.47928333333334,191.07861833333334,193.19046333333333,195.46942933333335,186.68252733333333,186.137526,217.350523,216.515321,209.78291766666663,209.89423800000003,204.16261033333333,204.25595733333336,176.44812833333336,176.370395,227.44124099999996,226.91097300000004,199.1381576666667,198.54767666666666,201.68997733333336,202.61984633333336,194.13603866666668,193.77921100000003,211.92628266666668,212.47515066666665,184.10588066666662,183.6902663333333,202.0818046666667,201.96148466666662,193.87398466666664,193.681064,209.048582,208.790288,201.01070900000002,202.1903246666667,212.04780266666668,211.733922,183.37011833333335,183.57309233333334,219.72190133333334,219.0833,190.051935,190.70419000000004,193.75963766666666,194.02990499999999,185.73100433333335,185.25082999999998,105.249006,,,,,,,,,,,,,,,,,,,
174.88856433333333,183.51371900000004,186.53371299999998,185.81441766666666,201.48974966666668,201.42114933333332,193.6166236666667,193.9815046666667,204.27659633333332,204.99155833333333,175.61249933333332,176.16595400000003,212.72121700000002,211.65297433333336,183.26426466666672,183.16302466666667,186.26507200000006,186.98466033333335,178.48439933333336,178.3364126666667,210.25929100000002,209.74486299999998,201.94783066666665,201.53488266666665,196.87291133333335,197.3215123333334,168.97202900000002,168.33496100000002,219.95019500000004,219.42516666666668,191.12560366666668,191.76560533333338,193.3395426666667,193.29107566666667,185.79459000000003,184.52801433333335,203.462354,203.4583136666667,174.83617699999996,174.75283,193.14907499999998,193.71708999999998,185.39130899999998,186.23544499999997,200.8445876666667,201.51049566666666,193.00271466666666,192.59822066666666,203.54215400000004,203.75376800000004,175.85528566666667,175.90504566666667,212.46597599999998,213.32956466666664,183.23655733333337,183.53863833333335,185.91996399999996,185.66747,178.078518,178.6485593333333,209.40862166666665,209.6858353333334,,,,,,,,,,,,,,,,,,
173.2607326666667,172.5423043333333,165.48663366666662,165.7113676666667,201.212735,202.15475033333337,193.69147600000002,194.33097133333337,204.61988966666664,204.73169000000001,176.4533003333333,176.224513,213.16657666666669,212.58648233333335,183.80674499999998,183.40405099999998,186.246498,187.56016766666667,178.30567799999997,178.58241233333334,209.8516623333333,209.40987466666667,200.27517233333333,201.03903966666667,196.14802866666668,196.30242866666669,167.7493453333333,168.25112000000001,219.7479796666667,218.50083033333334,190.70117500000003,190.35089433333334,193.62967533333335,193.88671633333337,185.72557633333335,185.76150966666665,203.7846736666667,204.473862,176.019619,175.29419066666668,193.4507416666667,193.12324766666666,186.38684400000002,186.775712,201.94778933333336,202.15489633333337,193.84303599999998,193.5145553333333,204.33400833333334,204.22828833333332,176.6313003333333,176.04700533333337,212.52982833333334,212.29222766666666,183.30647666666664,184.219519,185.45088166666665,185.90758966666667,177.76027600000003,179.12334633333333,209.37028733333332,209.908808,101.43723566666668,,,,,,,,,,,,,,,,,
168.8301476666667,168.12955933333333,160.67603433333332,160.906715,196.824803,196.80990966666667,189.05275733333332,188.23927533333332,198.31357999999997,199.37514266666665,169.80413666666666,170.32892433333333,206.30961299999998,205.54849066666668,177.39682166666668,177.37222200000002,180.26556233333335,184.9072136666667,172.51610300000002,171.69046133333333,203.46148566666668,203.09851133333333,195.71853333333337,196.77838933333334,190.92289499999995,190.73632100000003,162.32631833333332,162.93845300000004,215.14807433333334,215.76122233333334,186.34147000000002,185.99277600000005,189.37585099999998,189.25977066666664,181.10499066666665,181.40325833333333,198.842261,199.171115,170.68263166666665,170.5021246666667,188.448462,188.68216866666666,180.6172293333333,181.04007033333335,196.76668233333336,196.7193086666667,189.363904,188.886343,199.5129156666667,199.7505426666667,170.79829866666668,170.86372533333332,207.54624199999998,207.49152166666667,178.32099699999998,178.32873033333337,180.52349566666666,180.676069,173.113104,173.363958,204.29138066666667,203.84304633333335,196.31272099999998,196.80173533333334,,,,,,,,,,,,,,,,
168.96136033333332,184.95230633333335,181.212057,180.2400146666667,196.92260233333332,196.08968033333335,188.8033693333333,188.06787366666669,198.40634166666666,197.89571499999997,170.09202266666665,170.27555666666666,207.56308466666664,206.580284,178.35352500000002,177.17363066666664,180.849008,181.0532083333333,173.48868133333335,172.42474699999997,204.190284,204.72055099999997,197.00414433333333,197.59713233333335,191.31716633333338,191.09359333333336,163.34242033333337,163.133714,215.55369666666664,214.80310966666667,186.45236333333332,186.13460333333333,187.95272533333335,188.6884596666667,180.969426,180.12927833333336,198.338016,198.794084,169.86769633333333,170.34181699999996,188.29471466666666,188.28035466666663,180.55880066666666,182.70173633333332,196.11754966666663,196.12338966666667,188.97696999999997,188.633143,197.8941393333333,199.48987466666665,170.39165966666664,170.5033533333333,207.98808366666665,207.93887033333334,178.843869,178.52772233333334,181.6518586666667,180.50855133333334,173.243171,173.61695833333334,205.08326933333336,204.64388266666666,197.02620900000002,197.22011600000002,98.42596466666667,,,,,,,,,,,,,,,
144.32913033333332,142.61788900000005,135.768842,152.6402726666667,167.66980766666669,168.53996899999999,160.72264099999998,160.98840166666665,170.97815866666664,171.64001266666665,144.30910533333335,143.66239833333336,180.90944933333333,180.35231533333337,150.9160863333333,150.70237900000004,153.2709686666667,152.40879466666664,144.662907,145.66169466666665,176.416113,176.24848633333335,167.98306499999998,167.869945,162.27460599999998,162.03449933333332,135.382219,135.740366,187.438606,186.589472,157.47928233333332,157.34180233333336,160.12823200000003,159.32888466666665,152.50662433333335,152.14654399999998,170.40422999999998,170.82899066666667,143.76645633333337,143.32173566666663,160.21268666666666,159.98804666666663,152.28215866666667,151.79367833333336,168.6155893333333,168.81397633333333,160.32644799999994,160.285875,171.61998033333336,171.16568666666666,143.88879133333333,143.6980846666667,179.95529633333334,179.56006966666664,150.44483866666667,150.5138923333334,153.694696,152.701615,145.71832799999999,146.02364833333334,176.9965083333333,176.7392416666667,168.44963266666664,168.9403263333333,163.596108,162.97280066666664,,,,,,,,,,,,,,
143.02013966666667,142.60432600000001,135.997052,136.08510600000002,149.7343073333333,168.23103399999997,160.71123966666664,160.68585300000004,171.64170533333333,171.519212,144.21228933333333,144.01747566666666,180.2041816666666,179.66519466666668,150.45081666666667,149.80662900000002,153.81130066666668,153.46919366666665,146.1660126666667,145.9688253333333,177.4045,177.2902736666667,168.4404243333333,168.40490433333335,163.44715233333335,163.16044566666667,136.423203,136.8058703333333,188.92148766666665,188.268634,157.66908033333334,158.03220100000004,161.494898,160.87057800000002,153.940877,156.69622666666666,171.81971033333335,171.92083066666663,143.539226,143.16097266666665,160.06457766666665,161.27319266666666,153.31277066666664,153.455358,168.48657466666666,168.511935,160.18100566666666,160.32757966666662,170.771218,171.20197866666666,143.72906833333332,144.03625533333334,179.54178866666666,179.8634956666667,150.16030266666667,150.19660933333333,153.173533,152.86383933333335,146.003285,146.26651199999998,177.34641400000004,177.48065433333335,168.20577766666668,168.59215166666664,162.88649166666664,163.01681233333332,78.447809,,,,,,,,,,,,,
189.53802933333336,188.96936233333332,202.70160499999997,205.01072800000003,220.02665200000004,219.96349199999997,212.18421700000005,212.59265733333334,222.65148266666665,222.9737103333333,195.61030566666668,194.51341133333327,231.54938766666663,230.91709400000008,203.17068866666665,202.12863433333334,206.10919933333332,204.8969316666667,197.67544333333333,196.86568266666666,228.02325266666662,228.16025300000004,219.62505666666664,220.0425643333334,214.00142433333332,214.5124516666667,187.77656733333333,187.60640700000002,238.19104033333338,238.01716066666665,210.09844800000002,209.5861143333333,212.854025,212.87985200000003,205.06546966666667,205.790964,223.44385199999994,222.9341186666667,194.41019133333327,195.49444633333331,212.95478733333334,213.04457399999998,205.21239199999994,205.02196533333336,220.1769303333334,220.30130433333335,213.20012233333333,212.85349599999998,223.23281533333332,223.18617533333338,196.15960966666663,194.71958199999997,231.27066600000006,230.83466600000006,203.05699233333334,202.800526,205.5970626666667,205.50872933333332,197.57863999999995,197.55644033333334,228.0884913333333,227.92841133333334,220.0083086666666,220.24032233333335,214.5922226666667,215.15215666666666,187.50613666666666,187.45919,,,,,,,,,,,,
210.5397916666667,211.50241999999997,205.48727933333333,206.6756946666667,219.75156433333336,220.85748599999997,213.97851766666668,212.71416966666666,223.42851666666675,223.17830299999997,195.93738966666663,195.60848266666667,230.6369533333333,230.85284733333333,202.672799,202.66035933333336,205.2052826666667,205.17514966666667,196.41401899999997,197.95246099999997,228.58004633333326,227.57836566666666,220.31434333333334,220.14735633333336,215.210484,216.04911200000004,187.251049,187.68087666666673,239.33428866666665,238.73915500000004,211.3449873333333,211.21689400000005,213.00541666666663,213.88167133333332,205.5885143333333,206.04600833333333,223.70611133333338,223.69380466666664,195.279729,195.74847633333334,212.56100466666666,212.82537866666664,205.53852933333332,208.8333606666667,220.0874153333333,220.06310866666666,213.4360343333334,213.27980733333334,223.0536066666667,223.76788799999994,196.24673266666667,195.72406566666666,231.55479233333335,231.09215199999997,202.49616866666668,202.65470233333335,205.61055933333336,205.38170633333334,197.78528333333335,197.57479,228.38113700000002,227.80145633333333,219.74793966666664,219.65873966666666,215.1107206666667,214.8096273333333,187.554125,187.86680566666664,110.84311833333335,,,,,,,,,,,
163.98260133333335,163.0740403333333,155.97696466666665,155.9860313333333,190.8705306666667,191.47390499999995,183.1593743333333,183.1804146666667,194.233949,194.13585600000002,165.3201513333333,165.54440533333332,202.73946800000002,202.35764066666664,172.260668,172.2055213333333,176.64390066666672,175.45924599999995,166.40148766666667,166.8064346666667,199.17978466666665,199.030878,191.15020133333334,191.19220133333337,185.93683433333328,185.66143433333332,157.78929066666663,157.46843699999997,209.67147999999997,209.7994406666667,180.03428100000002,180.59881533333333,183.69281966666665,183.6512996666667,176.02192966666667,175.94632966666663,194.22358099999997,193.73666066666664,165.63211633333339,165.172649,183.49856733333337,182.84116666666665,175.55851699999997,176.00707799999998,191.48704533333336,191.253872,183.19166133333331,183.74507566666668,194.929011,194.30553033333334,165.48234466666665,165.2398113333333,203.17590266666667,202.82548933333334,173.02828900000003,172.58342166666668,175.43755933333333,174.77289166666668,167.38509499999998,168.187083,199.787913,199.66716633333328,191.97472933333333,191.45951566666668,186.6730423333333,186.95721633333332,159.23955199999997,158.00480399999998,210.4446493333333,209.80556866666666,,,,,,,,,,
164.05857233333336,163.0459176666667,155.92565499999998,155.8902283333333,170.32567500000002,170.352235,163.0420916666667,163.37686566666667,172.762519,172.956439,146.65829633333334,146.88840366666665,179.989903,180.04628966666667,153.39873266666663,170.120756,180.972318,174.864763,167.57829933333335,166.61032533333335,199.3367043333333,199.09251733333332,190.77953266666668,191.07742666666664,185.76341933333333,185.174792,162.11125333333334,157.25080666666665,208.7682123333333,209.880494,180.4039726666667,180.17623933333337,183.71513733333333,183.085777,175.46572666666665,175.73535366666667,193.76483266666668,193.37404533333333,165.32796633333334,165.39712666666665,183.387432,183.3546986666667,176.13395533333332,174.32421966666666,191.76491133333332,191.9338313333333,183.3395263333333,183.478526,194.46228899999997,194.844383,165.12428766666667,164.97018100000003,202.81415500000003,202.557088,172.56041899999997,172.78832566666668,175.9820106666667,175.606037,167.9760126666667,168.58334700000003,199.94672566666665,199.93855200000002,191.73238099999998,190.75783299999998,187.2344946666667,186.36373366666666,158.628894,157.80238633333332,209.845181,210.63222233333335,94.74408266666669,,,,,,,,,
166.32027866666667,165.46979766666666,178.06270966666665,177.925896,193.89950599999997,193.8833063333333,185.79856133333334,185.0297736666667,195.59961566666664,197.00304433333332,167.17324166666668,167.06024133333332,204.0003083333333,203.34889433333336,174.99272033333332,175.84394800000004,178.03165833333333,178.33648566666662,170.636328,170.78407433333334,202.66545433333332,202.26597366666664,194.48953666666668,194.33070966666665,188.785302,188.732142,160.483781,160.7204076666667,213.47621833333332,213.4270986666667,184.40125600000002,183.69882900000002,186.37907266666667,185.30523133333332,177.98568766666668,178.51800833333334,197.33488933333334,196.40175500000004,167.58948600000002,168.34826066666665,186.42824733333336,185.976407,178.16958200000002,177.97887566666668,194.019646,193.85187266666662,185.76946066666665,186.80304866666668,196.95571766666666,196.345877,167.26976733333333,167.80527499999997,204.6157963333333,204.38822266666668,175.914021,175.83696700000002,178.44342500000002,178.13330466666667,170.98116066666665,170.58938666666668,202.79794166666665,202.61087466666666,194.4123426666666,194.42200966666667,189.04405466666668,189.282202,161.30980066666666,161.48401433333333,213.59338566666665,213.19658499999997,183.93984833333334,184.01458166666671,,,,,,,,
174.18280733333336,165.65374133333336,158.62942433333333,158.34447733333332,191.34227366666667,172.58759233333333,165.55998200000002,165.52800833333333,175.2811033333333,196.29376166666663,167.92579933333337,167.931826,204.808495,204.481695,175.15355733333334,175.64382500000002,178.847963,178.70041633333335,171.07884499999997,169.92843000000002,202.74536,201.8952116666667,193.72098633333334,194.24529433333333,188.04265800000002,189.06194,160.51905633333334,160.86037733333336,213.00252333333336,213.21568366666668,183.3049053333333,183.46659900000003,185.72534933333336,185.50269566666665,177.738164,178.77669933333334,197.10214033333332,196.4034996666667,167.56978900000001,167.82192266666664,186.24319133333336,186.0271643333333,179.07872733333332,178.1622723333333,193.90864333333334,194.52171133333331,186.11944533333335,186.29672566666667,196.76912833333336,196.78816866666668,167.96263100000002,168.44456533333334,205.39587566666665,205.14342199999996,175.70479033333334,175.34030966666668,178.652795,180.8962786666667,170.79316966666667,169.73808833333334,202.33773866666664,202.30660533333332,193.54251199999996,194.09771299999997,189.06439866666668,189.25589266666665,161.23868933333335,160.49106166666667,213.90301100000002,214.464199,183.806245,184.32660566666664,96.89984366666665,,,,,,,
159.09119366666667,159.30507400000002,151.21043500000002,168.40544799999998,186.62653,186.53283666666667,178.09379733333333,178.2894776666667,189.51390833333335,188.5067336666667,160.40657,159.68522233333334,196.915507,196.96008066666664,166.8473806666667,167.705222,170.10273233333334,169.839372,162.16698666666665,161.75481266666665,195.05075866666667,194.12711733333336,186.41299866666662,185.91682500000002,178.19757300000003,180.905617,152.81192,153.36992066666664,206.43356433333332,205.38405599999993,175.370676,176.19228999999999,178.41833399999996,178.6345346666667,169.86710733333337,172.2121246666667,189.0695513333333,189.0037113333333,160.24319966666667,160.28363966666663,178.83161566666664,179.05761633333333,170.554976,170.34852266666664,186.897549,186.73064233333335,178.8327496666667,178.559256,189.39812666666666,189.507687,160.82445500000003,160.66222833333336,198.90960899999996,197.69111400000003,167.55421266666667,168.465201,170.5287646666667,171.72828633333333,163.49222,163.53004700000002,195.14075066666663,194.59925666666666,186.56893733333337,186.79981799999996,181.1423823333333,181.29403566666662,153.5428586666667,153.09291133333335,205.63732866666663,206.34193000000002,176.13621533333333,175.97044133333333,178.81257966666666,178.73292633333335,,,,,,
159.38842866666667,158.55352066666666,151.31860233333333,169.74337900000003,186.06573866666668,186.075592,178.06480599999998,177.78144566666668,188.6807566666667,188.37510266666666,160.582725,160.57624499999997,197.33335766666667,196.97497066666662,167.88721699999996,168.04032433333336,170.7554353333333,170.17116766666666,162.5019956666667,162.43508866666664,194.24134033333334,194.2725006666667,186.4041813333333,186.48095466666666,181.31124000000003,180.95775933333334,153.38391500000003,153.6821953333333,205.66066633333332,205.62238666666664,175.867405,175.71363166666663,178.3727426666667,178.29227600000004,170.33146333333332,175.93700566666666,188.85848000000001,189.79308133333336,160.78166166666668,160.57258099999999,178.36545033333334,178.1771966666667,170.427851,170.841371,186.211717,186.287104,178.27567733333333,178.469198,189.64597600000002,189.38760266666668,160.48062233333332,160.26282166666667,197.246096,197.70565666666667,167.76223466666664,167.68380800000003,169.90273133333332,170.090945,162.04806566666667,162.57724000000002,195.44528033333333,194.53166566666667,186.7948933333333,187.02677366666668,181.0519506666667,181.62204499999999,153.557199,153.08195800000001,205.16703066666668,205.27140433333335,175.60707533333334,175.97947633333334,178.25545333333332,179.04330866666666,91.85860466666665,,,,,
176.219704,174.80270166666665,187.32022899999996,188.831005,205.0375653333333,204.90728499999997,196.970859,197.28173933333338,206.949355,206.93684899999997,178.93393633333335,178.94086966666666,214.96988933333333,215.38279666666668,186.5269626666667,186.5957096666667,194.41693599999996,189.20246099999997,181.796582,181.55232833333335,212.67086,212.69206033333327,204.1828726666667,205.01023433333333,199.89275933333332,199.86743966666666,171.24704533333335,171.44968566666665,222.653651,223.14034566666675,194.225057,194.421818,196.96050233333335,196.82304866666666,188.71066233333337,189.07996933333334,206.95139933333334,207.45450700000004,179.25978000000003,178.78535266666668,196.69810266666667,197.07283700000002,188.99459666666664,189.0084633333333,204.71023666666667,204.71629000000004,197.17849099999998,197.5227316666667,207.83376233333334,207.59424233333334,179.23906133333332,179.12518133333333,215.45072233333337,215.68537666666666,186.76938099999998,187.893743,189.356386,189.183439,181.09763866666668,182.0961606666667,213.38677333333334,213.7334406666666,209.25274,204.75575933333334,199.45860366666668,199.783471,171.5572633333333,171.31471633333334,223.4884583333333,222.96817733333324,194.26366233333337,194.94682366666663,196.80577333333335,196.943534,188.78601333333336,189.06870700000002,,,,
175.84801833333333,174.983244,168.7632066666666,168.17435233333333,182.081896,182.14350966666666,175.03483099999997,175.0412443333333,184.04274,195.19870533333335,179.60207899999997,179.22259866666673,215.63884766666663,214.831713,186.8841986666667,186.18898433333337,192.45556833333336,188.60796200000004,181.25585600000002,181.1921096666667,212.91537699999998,212.22706933333336,204.002029,205.00483066666666,199.12355399999998,199.0402073333333,171.772134,171.5659873333333,222.77028833333335,223.16319600000003,194.27974633333335,194.58077366666663,196.8242713333333,198.07250000000005,189.3164853333333,189.59227233333334,207.59090333333336,207.88594400000005,178.97241433333335,179.35050866666668,196.9164186666667,197.43423300000003,189.56084666666663,189.86423366666668,205.54106066666668,204.95516633333332,197.22078033333335,197.42507399999994,207.71893166666666,207.86902533333333,178.68214833333334,178.61100133333332,215.171265,215.02050499999999,186.62838933333336,186.34230866666667,188.30157900000003,188.53377966666662,181.04164666666665,181.11422000000002,211.84695366666668,212.29318133333334,204.542048,204.6905813333333,199.59735966666665,198.96454533333335,171.47880433333333,171.4982443333333,222.59992000000003,223.14236100000005,194.65015166666663,194.98516533333336,197.08468933333333,197.65094399999998,189.36132966666668,188.73003533333335,102.10648466666666,,,
162.46016266666666,168.02777266666666,166.83246400000002,160.18257266666666,176.13500033333335,176.902362,167.8117593333333,168.04605299999994,179.50739333333337,179.38589933333333,158.57615699999997,151.10591733333334,187.23607366666667,187.27410066666667,157.46207533333336,157.90398266666665,160.80786800000004,159.940813,153.61941533333334,153.10944133333334,195.45572866666666,185.03440400000005,177.05535,176.634443,170.57363233333334,170.85409933333332,143.714652,143.67103866666665,195.961304,195.875437,165.45973066666667,165.79913133333332,168.248002,168.02517533333335,159.79972066666667,159.21790633333336,178.79728766666668,178.50180733333337,150.26943766666665,150.459865,167.72298833333332,167.73208199999996,159.650068,159.90702833333333,175.63274966666665,174.98645466666667,167.12170800000004,167.44812166666668,178.93658233333335,178.69988866666668,149.634451,149.56877066666667,187.212397,186.89205,157.18114433333335,156.82417033333334,160.140963,159.54185533333336,151.99418899999998,152.63653666666664,184.71554033333337,183.62580466666668,175.80476433333334,175.59677733333334,170.66292899999996,170.090541,143.26098733333336,142.96601366666667,195.167133,194.251371,165.10403966666667,165.217533,167.94139166666668,167.31364366666665,159.620657,159.285883,178.62035699999998,178.527757,,
149.94846633333336,149.22681200000002,142.069826,159.02888266666668,175.95009966666666,176.17317966666673,168.070806,167.56049833333333,179.33534599999996,179.1462523333334,150.52858833333332,150.02804066666667,187.08218666666664,187.24917366666665,157.98662866666663,157.704548,160.50403333333333,159.87203200000005,152.90993966666667,153.453474,184.6437696666667,185.29211766666668,176.10690133333333,176.167328,170.477958,170.92590600000003,144.36739166666666,144.15872466666667,195.947884,195.3594963333333,165.17924266666668,164.216734,167.77132733333335,167.844754,160.7267013333333,159.435099,178.31330666666665,178.0115726666667,149.76604200000003,149.9926553333333,167.42398066666667,167.775861,160.074394,159.36795266666667,175.86019599999997,175.286075,167.01258033333332,166.68708633333335,178.47621433333333,178.15677399999998,150.75173766666666,150.50995100000003,186.14108166666665,187.77415133333332,157.56548399999994,157.67759066666667,160.07479500000002,159.811408,152.35591466666665,152.248701,184.434199,184.17314533333337,175.66913000000002,176.35157133333334,170.28954733333333,169.99108033333331,143.55876600000002,142.704938,194.66357833333333,194.7528053333333,164.75392466666668,165.68576599999994,167.79226333333332,167.70787666666666,159.73180866666667,159.86563566666663,179.14933766666667,178.67989666666665,84.03876500000003,
